datetime,temp,dew,humidity,precip,precipprob,precipcover,windspeed,winddir,sealevelpressure,cloudcover,visibility,solarradiation,solarenergy,uvindex,moonphase
1/1/2020,29.3,22.8,69.5,0,0,0,14,84,1013,37.8,9.7,277.3,24,9,0.17
2/1/2020,28.5,24.1,78,1.16,100,4.17,13.9,99.1,1013.8,44.3,9.7,243.7,21.1,9,0.22
3/1/2020,28.2,24.6,82.3,11.95,100,8.33,12.1,147.9,1012.5,39.5,9.5,252.2,21.9,9,0.26
4/1/2020,28.5,24.7,80.7,0.35,100,4.17,14.1,172.3,1010.7,40.7,8.8,265.1,22.9,9,0.31
5/1/2020,28.5,23.9,77.2,0,0,0,13.5,179.2,1011,39.7,9,278.6,24.1,10,0.36
6/1/2020,28.4,23.8,77.8,9.84,100,8.33,13.7,151.8,1011.5,40.2,9.6,275.5,23.8,10,0.4
7/1/2020,28.8,23.8,76.2,0,0,0,17.7,202.1,1010.6,37.4,9.8,194.9,16.9,7,0.44
8/1/2020,29,24.7,78.4,0.35,100,4.17,12.8,121.4,1009.6,42.7,9.1,223.4,19.4,8,0.47
9/1/2020,27.9,24.3,82.7,34.71,100,8.33,14.6,115.9,1009.4,38.2,9.5,244.3,21.3,8,0.49
10/1/2020,27.4,24.3,84.4,7.42,100,8.33,13,139.2,1010.1,38.7,9.3,171.5,14.8,6,0.5
11/1/2020,28.1,24.7,82.8,0,0,0,13.7,182.7,1010.1,35.7,9.1,174.4,15.1,6,0.51
12/1/2020,28,24.7,82.7,1.27,100,8.33,17.3,181.6,1009.6,36.6,7.9,223.3,19.3,8,0.52
13/1/2020,27.5,25,87.3,1.42,100,8.33,9.4,111.1,1009,37.2,8.5,251.8,21.7,9,0.55
14/1/2020,28.7,24.7,79.8,0,0,0,8.9,110.3,1009.6,36.3,8.5,253.5,21.7,9,0.59
15/1/2020,28.3,24.8,82.2,7.07,100,4.17,15.1,105.6,1010.2,38.1,8.8,259.5,22.6,9,0.64
16/1/2020,28.3,25.5,86,1.77,100,4.17,16.4,126.7,1010.8,37.4,7.3,273.4,23.6,9,0.69
17/1/2020,28.3,25.2,84.3,0,0,0,12.3,151.2,1011.2,38.2,8.4,276,24,9,0.75
18/1/2020,28.1,24.9,83.8,0,0,0,17.9,162.4,1010.7,37.6,8.1,272.3,23.5,9,0.81
19/1/2020,28,25.3,86.5,67.2,100,8.33,19.2,145.3,1011,43.1,7.8,261.9,22.5,9,0.86
20/1/2020,29,25.1,80.9,0,0,0,12.5,159.3,1011.5,37.4,9.4,222.8,19.1,8,0.91
21/1/2020,29.2,25.4,80.3,0,0,0,11.8,142.4,1012.7,37.3,9.6,157.3,13.7,5,0.95
22/1/2020,29.8,24.4,74.1,0,0,0,18.8,115.8,1012.2,37.6,9.6,282.1,24.4,10,0.98
23/1/2020,29.1,25,79.2,0.05,100,4.17,12.8,131.2,1011.4,39,9.5,288.2,24.9,10,0.99
24/1/2020,29.7,24.7,76.3,0,0,0,17.3,169.8,1010.9,35.9,9.5,246.2,21.2,8,1
25/1/2020,29.7,24,72.3,0,0,0,12.8,153.4,1010.4,38,9.6,278.6,23.9,9,0
26/1/2020,29.3,24.8,77.4,0,0,0,14.3,208.4,1009.7,37.9,9.6,229.4,19.8,9,0.01
27/1/2020,29,24.9,79.2,0.53,100,4.17,11.7,220.9,1009.8,38,9.7,241.9,20.9,8,0.03
28/1/2020,29.3,24.9,78.3,0,0,0,16.1,177.5,1010.2,37.6,9.9,184,15.9,6,0.06
29/1/2020,25.6,24.2,92.3,28.01,100,8.33,16.9,205.2,1012.4,40.1,7.5,154.5,13.3,5,0.09
30/1/2020,27.5,23.5,80.9,1.89,100,8.33,14.3,167.1,1011,39.6,9.4,197.2,16.9,6,0.13
31/1/2020,28,24.1,80.7,3.54,100,4.17,14.1,154.5,1010.9,37.9,9.6,197.7,17,7,0.18
1/2/2020,29.1,23.5,73.6,0,0,0,16.5,69.7,1010.7,38.3,9,269.1,23.1,9,0.22
2/2/2020,29.5,22.7,68.1,0,0,0,15.4,68.8,1011.8,38.7,10,290.4,25,10,0.27
3/2/2020,29,21.8,67,0,0,0,17.3,157.4,1012.1,37.4,9.8,289,24.8,10,0.32
4/2/2020,28.4,23.1,74.1,0,0,0,15.3,142.2,1011.2,37.7,10,291.5,25,10,0.37
5/2/2020,28.5,23.1,74.3,7.07,100,4.17,14.1,134.7,1010.8,40.7,8.8,283.8,24.7,10,0.41
6/2/2020,28.9,23.7,75.3,0.53,100,8.33,15.9,112.9,1011.1,38.3,7.8,277.4,24,9,0.45
7/2/2020,28.2,24.3,80.3,0.35,100,4.17,10.5,108.5,1011.6,37.8,7.8,250.7,21.8,9,0.48
8/2/2020,28.3,23.5,77,0.35,100,4.17,10.7,151.4,1012.5,37.6,8.4,286.4,24.7,9,0.5
9/2/2020,27.7,24.1,82,0,0,0,15.9,236.5,1012.2,39.6,7.8,266.7,23,9,0.5
10/2/2020,27.2,23.5,81.6,15.29,100,4.17,11.6,106.7,1011.9,40,9.9,153.4,13.4,6,0.52
11/2/2020,28.5,23.6,75.7,0,0,0,13.8,82.1,1011.7,38.8,9.7,226.2,19.6,8,0.53
12/2/2020,29.5,24.2,74.6,0,0,0,15.7,102,1012,37.5,10.2,256.5,22.3,9,0.57
13/2/2020,28.5,24.9,81.9,32.71,100,4.17,17.5,174.8,1011.3,37.4,9.5,281.9,24.2,10,0.62
14/2/2020,28,25.7,87.9,20.68,100,4.17,20.1,108,1010.3,38.9,8.2,204,17.6,7,0.67
15/2/2020,27.6,25,86.2,5.51,100,12.5,15.4,239.4,1011.9,39.4,9.3,164.1,14.1,7,0.73
16/2/2020,27.9,24.9,84.6,2.5,100,4.17,17.7,195.6,1012.2,40.8,9.9,256.3,22.1,9,0.78
17/2/2020,28.7,24.6,80,0,0,0,14.6,142.2,1012.3,37.2,8.9,248.3,21.6,8,0.84
18/2/2020,26.4,23.8,86.1,3.51,100,4.17,14.6,126.2,1013,39.6,9.6,147.5,12.7,5,0.88
19/2/2020,28.2,23,74.6,0,0,0,12.1,145.6,1012.6,37.6,9.3,287.6,24.8,10,0.93
20/2/2020,29.1,22.9,71.5,0,0,0,14,118.6,1011.9,39.2,9.3,298.9,25.7,10,0.96
21/2/2020,29.2,22.6,69.9,0,0,0,14.8,122.3,1012.8,36.7,9.9,297.1,25.7,10,0.98
22/2/2020,29.5,21.7,63.7,0,0,0,13.3,57.4,1013.3,37.1,9.8,297.2,25.6,10,1
23/2/2020,29.5,21.7,63.9,0,0,0,19,104.3,1012.4,38.5,9.9,304.3,26.4,10,1
24/2/2020,29.6,22.5,67.2,0,0,0,14.6,104.1,1010.9,39.1,10.2,304.2,26.2,10,0
25/2/2020,29.5,23.3,71,6.19,100,4.17,14.1,78.4,1010.1,40.5,10.1,294.3,25.7,10,0.02
26/2/2020,28.7,23.7,76.7,59.23,100,4.17,24,68.5,1010,39.6,9.4,303.2,25.8,10,0.04
27/2/2020,29.4,23.5,73.4,0,0,0,10.4,97.3,1009.7,37.4,8.6,293.5,25.4,10,0.06
28/2/2020,30.2,22.3,65,0,0,0,17.6,106.2,1009.2,39.7,9.8,305.1,26.4,10,0.1
29/2/2020,30.1,23.4,69.6,0,0,0,17.3,116.2,1008.8,36.8,9.6,291.9,25,10,0.14
1/3/2020,29.1,24.3,77.1,4.42,100,4.17,20.8,125,1009.6,38.2,8.7,291.4,25.1,10,0.18
2/3/2020,29.3,24.6,77.7,7.09,100,8.33,17.5,116.6,1009.4,37.5,9.4,305,26.2,10,0.23
3/3/2020,28.9,24.8,80.3,0,0,0,24,130,1009.9,39.9,8.1,280.8,24.3,10,0.28
4/3/2020,30.2,24.7,74,0,0,0,14.3,135.8,1009.7,39,9,286.3,24.7,10,0.34
5/3/2020,28.6,25.1,82,1.23,100,4.17,17.7,159.6,1010.8,38.8,9.1,174.8,15.2,6,0.38
6/3/2020,27.6,24.4,83.2,4.51,100,4.17,17.3,183.1,1011.9,37.5,8.9,153.6,13.2,6,0.43
7/3/2020,27,24.5,87.3,24.59,100,12.5,16.8,218,1012.5,38.2,8.9,169.8,14.7,6,0.46
8/3/2020,27.8,25.2,87,6,100,4.17,18.8,151.7,1010.9,38.7,7.6,177.6,15.4,7,0.49
9/3/2020,29.5,25.5,80.5,0,0,0,16.1,187.9,1009.4,38,8.4,183.2,15.8,6,0.5
10/3/2020,30.6,25.8,77.2,0,0,0,17.7,238.9,1008.9,38.2,9.9,204.6,17.7,8,0.51
11/3/2020,29.4,25.5,80.7,34.41,100,4.17,24.8,224,1010.3,37.2,9.7,260.9,22.5,9,0.53
12/3/2020,28.5,25.4,84.4,14.64,100,4.17,15.9,118.8,1011.4,39.8,8.6,279.4,24.3,9,0.56
13/3/2020,29.2,25.5,81.3,0.1,100,4.17,17.7,161.9,1011.7,39.4,7.8,263.3,22.6,9,0.6
14/3/2020,30.2,25,75.4,0,0,0,11.4,93.1,1009.9,40.9,8.9,250.3,21.6,9,0.65
15/3/2020,29,24.3,77.4,15.38,100,4.17,16.6,82.1,1009.8,38,9.7,231.3,20,8,0.71
16/3/2020,30.6,23.2,66.7,0,0,0,12.2,52.6,1010.6,39.4,9.8,216.8,18.8,7,0.76
17/3/2020,30.5,21.8,62.3,0,0,0,13.2,115.4,1011.2,37.3,9.9,290.7,25,10,0.81
18/3/2020,29.7,24.6,75.5,2.72,100,4.17,19.9,149.4,1010.6,39.4,10,199.7,17.1,7,0.86
19/3/2020,28.7,24.8,79.7,8.84,100,4.17,12.8,115.6,1010.8,37.5,10,219.7,19,8,0.9
20/3/2020,29.6,23.9,73.5,0,0,0,17.1,118.4,1010.8,37.6,9.3,235.4,20.4,8,0.94
21/3/2020,27.8,24.6,83.8,12.07,100,4.17,16.1,143.3,1011.4,39.9,9.2,207.5,18,8,0.97
22/3/2020,28.3,24.9,82.7,0,0,0,15.9,128,1011.2,37.1,10,117.9,10.2,4,0.99
23/3/2020,27.7,24.9,85.4,5.4,100,4.17,17.3,110,1010.7,37.7,9.7,210.8,18.2,8,1
24/3/2020,27.3,24.9,88,34.48,100,4.17,15.9,92.7,1009.1,38.1,8.7,145.4,12.4,5,0
25/3/2020,29.7,24.5,76.2,0,0,0,12.3,140.9,1007.9,38.9,9.7,297.3,25.7,10,0.01
26/3/2020,29.6,23.9,73,0.88,100,4.17,13.9,123.9,1009.2,38.9,10,294.2,25.3,10,0.02
27/3/2020,28.7,25.2,82.5,39.13,100,4.17,20.8,115.2,1010.3,40.4,9.3,204,17.7,7,0.04
28/3/2020,28.7,25.5,83.6,1.28,100,4.17,17.3,116.9,1009.6,38.5,8.5,220.2,19,8,0.07
29/3/2020,28.7,25.9,85.7,19.91,100,4.17,15.9,116.3,1008.5,38.6,8.7,263.7,22.8,9,0.11
30/3/2020,28.8,25.4,82.9,8.33,100,12.5,13.9,182.3,1009.8,37.1,9.4,165,14.4,6,0.15
31/3/2020,28.7,25.2,82.5,11.49,100,4.17,19,168.8,1009.7,39.7,9.2,229.4,19.8,8,0.2
1/4/2020,29.5,24.7,77.4,0,0,0,19.2,160.7,1009.5,37.4,8.8,242.9,20.9,8,0.25
2/4/2020,29.1,25.4,81.3,11.52,100,4.17,17.5,153.5,1009.6,39.1,9.7,231.9,20,8,0.31
3/4/2020,28.3,25.4,85.6,23.28,100,8.33,14.8,150.4,1010.5,42.8,9.5,231.5,20.1,8,0.36
4/4/2020,28.1,25.5,86.4,4.79,100,8.33,14.6,129.3,1010.3,38.8,9.7,259.1,22.2,9,0.41
5/4/2020,28.3,25.3,84.2,0,0,0,18.8,130,1010.7,38.2,9.9,233.8,20,8,0.45
6/4/2020,27.8,24.7,84.7,16.03,100,4.17,34.3,152.1,1010.8,38.5,9.9,193.6,16.7,6,0.48
7/4/2020,28,24.8,84,12.23,100,8.33,14.1,124.1,1010.4,39.4,9,206.2,17.8,7,0.5
8/4/2020,28.6,25.6,84.1,2.65,100,4.17,21.2,115.8,1010.8,38,10,147.1,12.7,5,0.5
9/4/2020,29.8,25.5,79,0.05,100,4.17,12.5,147.1,1010.7,38.5,10,139.3,12.1,5,0.52
10/4/2020,30.1,25.1,76,0.88,100,4.17,15.9,116.9,1011.4,37.5,9.5,264.4,22.7,10,0.54
11/4/2020,29.8,25.1,77.1,0,0,0,14.1,130.7,1011.4,39.1,9.9,203.7,17.7,7,0.58
12/4/2020,29.6,25.6,80.4,16.8,100,4.17,15.5,148.1,1010,37.7,9.7,223.1,19.2,7,0.63
13/4/2020,28.8,25.4,82.9,0.35,100,4.17,17.1,153.7,1009.7,38.6,9.5,96.2,8.3,3,0.68
14/4/2020,29.7,25.7,80.1,0,0,0,16.1,99.5,1010.1,37.8,9.6,201.4,17.4,7,0.73
15/4/2020,29.6,25.7,81,6.19,100,4.17,17.1,162.3,1010.5,39.1,8.9,153.4,13.2,6,0.78
16/4/2020,28.5,25.4,84,22.98,100,8.33,19.2,137.6,1009.8,37.9,9.2,232.2,20.1,8,0.83
17/4/2020,29.4,25,78.3,0,0,0,11.9,112.8,1010.3,38.4,9.5,212.6,18.4,7,0.88
18/4/2020,28.9,25.5,83,24.75,100,4.17,17.5,107.1,1010.8,38.9,9.4,205.6,17.8,7,0.91
19/4/2020,29.4,25.5,81.2,1.63,100,8.33,15.7,138.2,1010.1,39.8,9,275.6,23.9,9,0.95
20/4/2020,29.5,26,82.7,6.42,100,4.17,16.1,130.3,1009.7,39.4,8.8,224.9,19.5,8,0.97
21/4/2020,28.4,25.5,85.7,23.57,100,4.17,28.2,109.9,1009.4,37.7,9.6,149.9,12.8,5,0.99
22/4/2020,27.4,25.2,88.9,76.14,100,8.33,15.9,152.8,1009.3,39.6,8.7,174.1,15.2,7,1
23/4/2020,26.4,24.5,90.6,44.55,100,12.5,15.5,104.4,1009.6,39.6,8.6,142.4,12.2,5,0
24/4/2020,27.4,25,87.8,15.94,100,8.33,20.4,178.7,1009.6,38.5,9.7,220.4,19.2,8,0.01
25/4/2020,27.3,25,88.1,11.25,100,8.33,22.8,106.2,1009.4,38.5,9.4,240.8,20.8,8,0.03
26/4/2020,27.1,25.3,90.3,29.43,100,8.33,15.5,136,1010.6,39.3,9.1,190.5,16.2,6,0.05
27/4/2020,27.8,25.2,86.6,16.3,100,8.33,15.5,152.7,1010.9,39,10.1,187.3,16.4,7,0.09
28/4/2020,27.5,25.3,88.2,1.54,100,12.5,13.7,174.4,1010.6,39.1,9.1,122.6,10.5,4,0.13
29/4/2020,28.3,25.3,85.5,15.03,100,4.17,19,126.2,1009.6,39.1,9.8,171.4,14.8,6,0.18
30/4/2020,27.6,25.6,89.2,12.58,100,8.33,15.7,100.1,1010.3,39.3,9.8,166.6,14.5,6,0.23
1/5/2020,27.2,25.5,91,0.67,100,12.5,7.8,175.2,1009.7,37.8,9.8,97.4,8.6,3,0.28
2/5/2020,29.3,25.4,81,0,0,0,17.5,160.4,1008.6,37.8,10,154.9,13.4,5,0.34
3/5/2020,28.8,25.6,83.4,2.2,100,4.17,21.9,157.3,1008.8,37.8,10,105.8,9.1,4,0.39
4/5/2020,29.9,25.4,77.9,0,0,0,16.4,205.3,1009.5,37.5,10.2,135.6,11.8,4,0.44
5/5/2020,30.5,25.9,77.3,0,0,0,17.5,266.5,1009,37.6,10.1,196.2,17,7,0.47
6/5/2020,29.8,26.6,83.5,0,0,0,17.5,238.8,1008.6,40.6,10,202.6,17.6,7,0.49
7/5/2020,29.2,27.2,89,3.54,100,4.17,14.1,124.7,1008.2,37.8,9.6,168.7,14.5,6,0.5
8/5/2020,29.6,26.9,86.2,0,0,0,10.5,123.9,1008,37.8,9.7,144,12.3,5,0.51
9/5/2020,29.6,26.7,84.6,0.12,100,4.17,16.1,134.7,1008.4,37.9,10.1,165.7,14.3,6,0.53
10/5/2020,29.2,26.6,86.5,8.23,100,8.33,16.1,110.1,1008.4,38.2,9.9,150.9,13,5,0.56
11/5/2020,30.4,26.7,81.2,0,0,0,17.7,158.4,1008.3,37.7,10,98.9,8.5,3,0.61
12/5/2020,29.9,26.6,83,0,0,0,17.1,127.3,1008.4,39,9.7,114.1,9.9,4,0.65
13/5/2020,28.5,25.1,82.7,1.22,100,8.33,13.7,140.2,1009.1,37.4,10.1,119.2,10.3,4,0.7
14/5/2020,29.9,24.3,74.2,0.53,100,4.17,22.8,91.6,1008.1,37.7,10.1,162.1,14,6,0.75
15/5/2020,30.1,25.7,78.6,5.33,100,4.17,16.9,125.7,1006.5,39.2,9.9,162,13.9,5,0.8
16/5/2020,29.5,25.3,79.2,47.81,100,4.17,17.3,106.8,1006.2,38.7,9.2,116.6,10.1,4,0.85
17/5/2020,27.9,25.3,87,40.44,100,8.33,17.5,236.8,1008.1,39.5,8.9,103.3,8.9,4,0.89
18/5/2020,29.7,25.1,78,0,0,0,17.3,131.9,1007,37.6,9.8,246.6,21.2,8,0.93
19/5/2020,30.9,25.4,73.9,0,0,0,15.7,105.1,1006.9,39.3,10.1,207.8,17.8,7,0.96
20/5/2020,29.7,25.6,79.4,0.62,100,8.33,17.1,141.5,1008.3,37.7,9.8,98.5,8.7,3,0.98
21/5/2020,29.4,24.6,77.1,0,0,0,19.6,274.8,1009,38,10.1,179.2,15.7,7,1
22/5/2020,28.7,24.9,81.6,6.87,100,4.17,23.8,145.6,1009.3,39,9.6,130.8,11.3,6,1
23/5/2020,28.8,25.5,82.8,1.77,100,4.17,17.1,183.1,1009.6,38.1,9.6,153.2,13.1,5,0
24/5/2020,28.4,25.2,83.8,2.15,100,4.17,12.5,148.8,1010.7,38.4,8.2,207.5,17.8,8,0.02
25/5/2020,29.9,25.2,77,0,0,0,10.7,178.8,1011,38.9,9.6,202.6,17.4,7,0.04
26/5/2020,28.4,25,82.7,7.23,100,4.17,16.1,144.3,1011.8,39,9.1,145.9,12.5,5,0.07
27/5/2020,29.5,25.2,79.1,1.77,100,4.17,12.8,187.6,1011.2,39.1,9.9,158.5,13.6,6,0.11
28/5/2020,29.1,25.9,83.8,0.71,100,8.33,16.1,129.8,1010.5,36.8,8.5,167.3,14.4,6,0.16
29/5/2020,28.3,25.5,85,3.72,100,8.33,13.3,172.2,1011,39.4,9,119.8,10.3,4,0.21
30/5/2020,28.3,25.3,85.1,23.19,100,8.33,13.9,116.6,1011.4,39.7,8.6,173.2,15,6,0.27
31/5/2020,27.8,25.2,86.1,4.65,100,8.33,17.5,180.9,1011.9,38.4,9.3,170.9,14.9,6,0.33
1/6/2020,28.5,24.7,80.9,0,0,0,20.8,159.1,1011.6,37.5,9.5,176.3,15.3,6,0.38
2/6/2020,29.2,24.8,78.4,0,0,0,14.1,149.2,1010.6,40.1,10.2,220.9,19.1,8,0.43
3/6/2020,29.2,24.9,79,0.53,100,4.17,17.7,152.1,1009.7,37.3,9.7,246.6,21.5,9,0.46
4/6/2020,26.9,25,89.5,41.13,100,8.33,12.5,156.5,1010.5,37.8,8.5,121,10.4,4,0.49
5/6/2020,27.3,24.4,85,1.12,100,4.17,16.1,137,1011.2,37.9,9.6,158.3,13.7,6,0.5
6/6/2020,27.7,23.1,77.2,1.28,100,4.17,14.1,113.7,1010.5,37.5,10.1,181.4,15.8,7,0.51
7/6/2020,29.3,24.4,76.2,0,0,0,14.1,135,1009.3,37.6,9.5,183.5,15.7,6,0.52
8/6/2020,29.8,24.6,75,0,0,0,13.9,228.6,1009.1,37.5,9.9,191.1,16.5,7,0.54
9/6/2020,30.1,24.7,74.2,0,0,0,17.3,149.3,1008.8,37.5,9.3,207.9,18.1,7,0.58
10/6/2020,29.9,24.3,72.4,0,0,0,16.1,114.1,1008.8,37.5,10.1,132.2,11.5,5,0.63
11/6/2020,29.5,24.6,76.4,0.35,100,4.17,18.6,103.5,1008,37.8,9.9,140,12.3,5,0.67
12/6/2020,27.1,24.6,87.3,74.26,100,8.33,21.7,164.8,1008.2,38.3,8.6,159.3,13.8,5,0.72
13/6/2020,26.7,24.6,88.3,4.45,100,8.33,11,115.8,1008.4,38.1,10,205.7,17.6,7,0.77
14/6/2020,28.8,23.9,76.8,0,0,0,17.5,114.3,1009.2,38.9,9.9,206.5,17.8,7,0.81
15/6/2020,29.4,24.3,75,0,0,0,20.6,85.4,1009.5,40.1,10.1,175.6,15,6,0.86
16/6/2020,28.6,24.6,79.2,0,0,0,13.9,178.3,1009.6,38,10,137.2,11.9,5,0.9
17/6/2020,28.2,24.5,81,0.76,100,8.33,13.9,147.3,1009.9,39.2,9.9,155.7,13.5,6,0.94
18/6/2020,27,24.6,87.2,7.41,100,12.5,15.7,176.1,1011.2,37.7,9.2,170,14.5,6,0.97
19/6/2020,26.9,24.8,88.9,41.02,100,8.33,17.1,112.5,1010.5,37.8,8.6,191.9,16.7,7,0.99
20/6/2020,26.5,24.5,89.3,20.83,100,4.17,12.1,89.2,1010.3,38.1,8.5,150.1,13,5,1
21/6/2020,28.1,24.3,80.4,0.18,100,4.17,17.5,89.8,1008.3,38,9.6,208.4,17.9,7,0
22/6/2020,27.8,23.9,80.3,4.17,100,4.17,16.6,128,1008.4,38.6,10.1,160.3,13.9,6,0.01
23/6/2020,28.4,24.1,78.6,0.02,100,4.17,15.7,129.3,1009.2,37.7,10.1,151.5,13,5,0.03
24/6/2020,28.1,24.5,81.1,0.41,100,8.33,17.3,114.8,1009.4,37.9,10,142.3,12.3,5,0.06
25/6/2020,29.1,23.3,72,0,0,0,17.5,170.4,1008.7,43.8,10.2,227.3,19.6,8,0.1
26/6/2020,27.5,23.8,81.3,0.29,100,4.17,21.9,97.2,1009.4,38.4,9.6,117.7,10,4,0.14
27/6/2020,29,24.6,78,0,0,0,14.1,93.5,1009.1,37,9.9,198.1,17,7,0.2
28/6/2020,29.3,24.7,77,0,0,0,25.8,124.5,1009.1,37.4,10.2,172.9,15,7,0.26
29/6/2020,29.8,24.2,72.8,0,0,0,21,124.8,1009,38,10,162.4,14,6,0.32
30/6/2020,29.4,23.9,72.8,0,0,0,21.7,126.6,1008.7,40.4,10.2,168.4,14.6,6,0.37
1/7/2020,29.7,24,72.5,0.12,100,4.17,16.1,140.5,1008.8,37.6,9.9,157.9,13.6,6,0.42
2/7/2020,30,23.9,71,0,0,0,19.6,108.9,1008.2,39.2,9.9,142.2,12.3,5,0.46
3/7/2020,28.8,23.3,73.3,0,0,0,15.7,149.7,1009.4,37.7,10,131.1,11.3,4,0.48
4/7/2020,28.9,23.9,75.6,0,0,0,15.7,120.6,1009.6,37.7,10.2,136.3,11.8,5,0.5
5/7/2020,28.1,23.4,77.7,43.32,100,4.17,17.3,86.9,1008.3,37.4,9.6,149.7,12.9,5,0.5
6/7/2020,27.5,24.3,84.4,34.29,100,4.17,12.8,129.2,1008.4,38.9,9.6,111.4,9.6,4,0.51
7/7/2020,26.6,24.3,88,46.78,100,8.33,22.2,93.6,1010,40,8.8,67.9,5.8,2,0.53
8/7/2020,26.2,24.1,88.6,10.86,100,8.33,9.4,181.7,1010.1,37.9,9,174.1,15,6,0.56
9/7/2020,26.2,23.6,86.1,7.16,100,8.33,19.2,201.4,1009.6,37.7,9.6,225.3,19.4,8,0.6
10/7/2020,27.1,23.7,82.3,0.37,100,8.33,13.7,115.3,1010.1,38.2,9.8,161.6,13.9,6,0.64
11/7/2020,27.1,24.5,86.3,1.06,100,8.33,11.2,120.5,1009.4,38.3,9.7,175.1,15.2,6,0.68
12/7/2020,27.8,24.2,81.7,0.98,100,4.17,12.5,186.7,1009.2,37.8,9.3,191,16.4,6,0.73
13/7/2020,26.2,23.7,86.8,8.71,100,8.33,16.4,158.8,1010,40.1,9.8,126.1,10.7,4,0.78
14/7/2020,27.9,23.3,77.4,0,0,0,20.1,101.9,1009,37.9,10,181.3,15.8,6,0.83
15/7/2020,28.1,24.1,79.6,0,0,0,15.9,155.6,1008.2,38.2,9.9,208.2,17.9,7,0.87
16/7/2020,27.2,25.1,88.6,6.69,100,16.67,13.9,141.9,1008.1,38.3,9.6,169.4,14.6,6,0.91
17/7/2020,27.4,24.5,85.6,43.13,100,8.33,20.4,134.6,1008.5,42.1,8.7,160,13.7,6,0.95
18/7/2020,27.2,24.9,88.2,19.05,100,8.33,15.7,127.8,1009.1,38.9,8.7,188.5,16.1,7,0.98
19/7/2020,27.8,24,81.2,9.42,100,4.17,14.6,79.5,1008.5,37.8,9.8,212.5,18.5,7,1
20/7/2020,28.9,24.1,76.6,0,0,0,14.3,109.4,1007.9,38.1,9.8,201.1,17.5,7,1
21/7/2020,29,24.7,79.2,0.71,100,4.17,17.3,147.7,1008.2,40.6,9.8,195.9,16.9,6,0
22/7/2020,26.5,24.4,89.2,45.53,100,12.5,18.8,241,1009.1,38.7,8.9,167.7,14.4,6,0.02
23/7/2020,26.4,24.5,89.8,4.46,100,8.33,13.9,148.1,1009.3,38.8,8.7,172.9,15.1,7,0.05
24/7/2020,26.5,24.3,88.5,72.49,100,4.17,15.7,138.4,1009.3,38.4,9.6,150.7,13,5,0.09
25/7/2020,27.4,24.1,83.8,0.88,100,4.17,19.6,83.4,1008.8,38.6,9.5,213.2,18.3,7,0.14
26/7/2020,28.5,23.8,77.4,1.16,100,8.33,19.2,115,1008.5,37.4,10.1,222.4,19.1,8,0.19
27/7/2020,27.8,23.9,80.2,13.72,100,8.33,19.6,131.4,1008.6,37.6,9.6,140.1,12.4,5,0.25
28/7/2020,27.4,23.9,82,1.79,100,4.17,17,87.3,1009.1,38.8,10,168.5,14.6,6,0.31
29/7/2020,27.8,23.8,80.1,0,0,0,12.3,130.2,1009.8,37.9,9.8,189.7,16.4,7,0.36
30/7/2020,29.6,24,72.9,0,0,0,12.8,135.4,1009.2,37.6,9.6,182.6,15.9,7,0.41
31/7/2020,27,24.5,86.5,5.29,100,8.33,16.8,191.5,1009.7,38,9.3,150.8,13,5,0.45
1/8/2020,28.8,24,76.6,0,0,0,14.1,129.7,1008.7,37.9,10,217.7,18.7,8,0.47
2/8/2020,28.8,23.5,74.4,0.81,100,4.17,15.3,123.6,1008.3,38.8,10,193.4,16.7,7,0.49
3/8/2020,29.3,24.2,74.9,0,0,0,17.7,113.7,1007.4,37.8,10.1,143.8,12.4,5,0.5
4/8/2020,28.5,23.1,73.7,1.74,100,8.33,18.6,147.3,1007.7,37.9,10.1,144.9,12.6,5,0.51
5/8/2020,29.6,23.9,72.5,0,0,0,16.1,142.2,1007.9,37.7,10,169.6,14.5,5,0.52
6/8/2020,30,24.2,72,0,0,0,14.6,125.5,1008.1,41,10.1,157.3,13.7,5,0.54
7/8/2020,30.5,24.2,70,0,0,0,15.7,131.2,1008.1,40.4,10.2,150.5,13.2,5,0.57
8/8/2020,30.6,23.7,68.5,0,0,0,15.3,123.2,1008,36.7,10.1,150.4,12.9,6,0.61
9/8/2020,29.7,23.7,71.3,0,0,0,10.5,113.9,1008.4,36.5,10.2,162.2,14.1,6,0.65
10/8/2020,30.1,23.4,69.2,0,0,0,12.5,155.9,1009.4,37.1,10.1,150.7,12.9,5,0.7
11/8/2020,29.4,24.5,75.7,0,0,0,19.2,157.8,1009.9,38.3,9.6,139.4,12,5,0.74
12/8/2020,27.5,24.1,81.7,4.99,100,8.33,19.2,152.2,1011.3,37.6,9.9,158.2,13.8,6,0.79
13/8/2020,29,23.2,72.5,0.2,100,8.33,10.7,156.2,1010.1,36.7,10,176.1,15.3,6,0.84
14/8/2020,28.4,23.8,77.7,0.53,100,8.33,15.9,162.3,1009.5,37.5,9.6,134.4,11.6,6,0.89
15/8/2020,28.4,24.4,80.8,27.43,100,4.17,12.8,132.6,1009.2,39.2,9.6,256.5,22,9,0.93
16/8/2020,27.4,24.7,86.2,2.53,100,8.33,12.5,133.8,1009.9,38.3,9.7,185.8,16,7,0.96
17/8/2020,27.7,24.1,81.8,0.76,100,4.17,16.9,171.4,1009.6,37.5,9.8,212.7,18.4,8,0.99
18/8/2020,28.4,23.9,77.6,0,0,0,15.7,169.2,1009.2,37.6,10.1,158.7,13.7,5,1
19/8/2020,27,24,84,0.38,100,4.17,11.5,136.6,1008.7,38.1,9.2,133.4,11.6,5,0
20/8/2020,28.5,24.6,80.4,0,0,0,17.3,147.9,1008.8,37.1,9.1,196.3,17,7,0.01
21/8/2020,29.9,22.9,68.2,0,0,0,21.2,125.8,1009.6,37.3,10.1,183.7,15.9,7,0.04
22/8/2020,28.9,24.3,76.8,0,0,0,14.1,171.6,1010.9,37.7,10,162.2,14.1,6,0.08
23/8/2020,28.3,24,78.4,0.14,100,8.33,16.4,113.1,1010.9,38.5,9.8,156.5,13.5,6,0.13
24/8/2020,29,23.6,74.4,0,0,0,14.3,141.3,1009.7,37.6,10.1,220.1,19,8,0.18
25/8/2020,28.9,24,76.7,0.7,100,4.17,15.7,152.3,1010,40.2,10,200.4,17.2,7,0.24
26/8/2020,28.3,23.7,77.2,1.77,100,4.17,16.1,121.7,1010.2,39.6,10,266.3,22.9,9,0.29
27/8/2020,28.8,23.6,74.4,0.02,100,4.17,13.2,106.9,1009.1,37.9,10.1,281.8,24.4,10,0.35
28/8/2020,29.4,23.4,71.5,0,0,0,16.1,107.2,1008.1,37.6,10.1,234.7,20.3,8,0.39
29/8/2020,28.9,23.7,74.6,0,0,0,14.8,161.3,1008.1,40.3,10,185.9,16.1,6,0.43
30/8/2020,28.3,24.4,80,0,0,0,17.5,136.5,1007.6,43.4,10,228.9,19.8,8,0.46
31/8/2020,28.8,24.4,78.9,0,0,0,21,156.2,1007.7,43.3,10,166,14.3,5,0.49
1/9/2020,29.1,24.5,77.4,0.88,100,4.17,15.9,118.2,1008.4,39.1,10.1,260.2,22.5,9,0.5
2/9/2020,28.3,23.4,76.3,15.08,100,8.33,19.2,122.4,1009.3,39.1,9.9,181.4,15.7,6,0.5
3/9/2020,27,24,84.8,17.57,100,8.33,15.9,142,1009.8,38.9,9,174.3,15.2,6,0.51
4/9/2020,26,24.3,90.8,39.9,100,8.33,25.8,106.5,1009.9,39.4,9.2,118.1,10.3,4,0.53
5/9/2020,27.3,23.8,82.1,0.73,100,4.17,17.3,99.9,1008.8,37.8,9.7,204.3,17.6,7,0.55
6/9/2020,28.6,23.3,74.1,0.12,100,4.17,12.5,122.3,1009.4,39.4,10.1,224,19.3,7,0.58
7/9/2020,28,24,80.3,32.71,100,4.17,16.4,141.4,1009.6,41.2,9.1,238.2,20.6,8,0.62
8/9/2020,28.8,24.1,77.4,0.07,100,4.17,19.4,95,1009.9,39.5,9.3,268.5,23.1,9,0.66
9/9/2020,27.5,24.4,83.9,13.49,100,4.17,16.6,208.9,1009.7,37.9,9.9,254.2,22,9,0.71
10/9/2020,26.5,24.4,88.8,50.46,100,4.17,16.1,158.7,1008.4,38.9,9.2,119.3,10.4,4,0.76
11/9/2020,27.4,23.9,82.5,0.46,100,4.17,12.1,215.3,1009.3,38.2,9.5,171.9,14.9,7,0.81
12/9/2020,27.6,23.9,81.8,0.18,100,4.17,13.9,174.6,1011.2,39.7,9.7,220.7,19.2,8,0.86
13/9/2020,27.3,24.1,83.7,0.2,100,8.33,12.5,211.5,1011.5,38.4,9.6,139.9,12,5,0.9
14/9/2020,26.6,24.5,88.5,7.68,100,8.33,15.5,77.1,1010.3,39.3,9.7,183.6,15.9,6,0.95
15/9/2020,28.1,23.7,78.2,0.07,100,4.17,12.5,209.8,1010.5,38.3,10,231,20,8,0.98
16/9/2020,27.9,24.1,81.1,7.96,100,4.17,19.2,149.2,1010.3,37.8,9.8,177.3,15.3,6,1
17/9/2020,28.9,24.5,78.2,0,0,0,15.5,213.2,1009.1,38.1,10.1,186.5,16,6,0
18/9/2020,29.2,24,74.4,0,0,0,14.6,151.2,1007.9,39.1,9.9,272.7,23.5,9,0.01
19/9/2020,28.2,23,73.9,0.23,100,4.17,19.9,141.7,1008.5,39.9,10.1,187.9,16.2,7,0.03
20/9/2020,28,23.8,78.8,1.77,100,4.17,13.5,113.2,1009.6,39.8,9.6,127.1,11.1,5,0.07
21/9/2020,26.7,24.1,86.8,29.29,100,8.33,15.9,142.8,1010.1,37.9,9.1,165.8,14.4,6,0.11
22/9/2020,27.4,24.6,85.5,2,100,4.17,12.5,134.8,1010.1,38.1,9.8,187,16.3,7,0.16
23/9/2020,26.4,23.8,87,44.2,100,8.33,17.1,198.1,1010.3,39.4,9.5,141.8,12.3,6,0.22
24/9/2020,28.2,23,75.7,1.81,100,4.17,22.9,146,1011.5,37.7,9.8,189.5,16.4,7,0.27
25/9/2020,27.5,24.3,83,1.81,100,8.33,15.5,234.4,1011.1,39.2,9.7,190.5,16.2,7,0.33
26/9/2020,26.8,23.7,84.3,7.07,100,8.33,21.4,211.7,1011.2,38,9.4,116.1,10.1,4,0.37
27/9/2020,27.2,23,79.6,2,100,4.17,12.3,137,1010.9,41.4,10,178.1,15.3,7,0.41
28/9/2020,29.2,22.9,70.5,0,0,0,19.6,113.5,1009.8,37.7,9.8,186.5,16.2,7,0.45
29/9/2020,28.1,23.9,78.5,6.59,100,8.33,13.9,117.1,1009.4,37.9,10,162.7,14.1,5,0.47
30/9/2020,29,23.7,74.9,0,0,0,11.6,166,1008,37.8,10,177.8,15.3,7,0.49
1/10/2020,27.1,24.3,85.7,62.46,100,12.5,14.3,125,1008.9,41.8,8.7,144,12.5,6,0.5
2/10/2020,25.8,23.7,88.7,27.15,100,12.5,19.6,209.8,1009.8,38.1,9.6,175.1,15.1,6,0.5
3/10/2020,27.7,23.5,79.4,0.53,100,4.17,15.1,167.5,1010.6,39.2,10,182.4,15.7,7,0.52
4/10/2020,28.7,24.2,77.4,0,0,0,10.5,244.1,1010.4,38.1,10,173.6,14.9,6,0.53
5/10/2020,28.5,24.5,79.9,0,0,0,17.1,205.6,1009.8,37.5,9.9,179.9,15.6,6,0.56
6/10/2020,28.1,24.4,81.1,0,0,0,13.9,205.5,1009.1,38.3,9.7,159.4,13.8,6,0.59
7/10/2020,26.2,24.7,91.5,12.76,100,8.33,14.3,220.3,1008.8,39.7,8.6,89.1,7.8,3,0.63
8/10/2020,27.7,23.4,78.4,0,0,0,17.9,307.7,1008.3,39.2,10.2,111.1,9.5,4,0.68
9/10/2020,28.5,23.8,76.9,0.12,100,4.17,15.3,144.1,1008.2,38,10.1,123.9,10.7,5,0.73
10/10/2020,28.2,23.5,76.6,0.35,100,4.17,18.8,130.5,1008.2,40.1,10,182.8,15.7,6,0.78
11/10/2020,27.5,23.8,80.6,22.99,100,4.17,9.9,139.8,1007.8,39.2,10.1,164.4,14,6,0.83
12/10/2020,28.7,23.5,74.8,0,0,0,14.5,109.1,1007.4,37.7,10.1,167.4,14.3,7,0.88
13/10/2020,28.7,22.9,72.7,4.12,100,4.17,12.1,140.4,1008.6,38.1,10.1,98,8.4,4,0.93
14/10/2020,28.1,24.7,82.4,9.72,100,4.17,10.7,117.7,1009,40,9.9,152.9,13.1,5,0.96
15/10/2020,28.5,24.3,79.1,0,0,0,15.3,125.3,1008.9,37.6,10,190.6,16.4,7,0.99
16/10/2020,29.3,23.5,72.2,0.46,100,4.17,13.5,132.7,1007.7,37.6,10,167.6,14.4,6,1
17/10/2020,30,23.4,69.3,0,0,0,13,141.7,1007.3,37.4,10.1,196.1,16.8,6,0
18/10/2020,29.9,23.5,70.3,0,0,0,17.3,138.4,1008.1,37.4,10,160.1,13.8,5,0.02
19/10/2020,29.5,24.3,74.8,0,0,0,15.9,118.4,1008.2,39.9,10.1,132.2,11.6,5,0.05
20/10/2020,28.6,24.2,78.1,1.06,100,8.33,14.1,148,1009.1,38.2,9.8,127.9,10.9,4,0.09
21/10/2020,28.2,24.1,79.4,0,0,0,37.7,181.3,1009.5,39.5,9.7,193.9,17,8,0.14
22/10/2020,27.1,23.6,82,11.72,100,8.33,22.2,236.6,1009.8,38.1,9.7,191.5,16.6,7,0.2
23/10/2020,28.6,24,77.7,0,0,0,19.9,221.1,1009.1,37.7,10.1,192.4,16.6,7,0.25
24/10/2020,28.8,24.4,78.1,0.87,100,4.17,15.3,201.8,1010.2,38.8,9.9,150.5,13.1,5,0.3
25/10/2020,28,24.3,80.8,0.7,100,4.17,13,242.3,1010.9,36,9.9,96.7,8.2,4,0.35
26/10/2020,28,22.6,73.7,0,0,0,15.9,294.6,1010.7,36.5,10.1,129.6,11.1,5,0.39
27/10/2020,29.1,23.4,73.2,0,0,0,17.9,231,1009.2,37.6,10.2,225.7,19.5,8,0.43
28/10/2020,29.7,23.9,72.6,0,0,0,17.5,260.1,1009.3,37.8,10.1,116.1,10,4,0.46
29/10/2020,28.2,24.4,80.3,0.27,100,8.33,21.2,127.3,1009.9,40.9,10,122.8,10.6,4,0.48
30/10/2020,29.1,24.3,76.9,0,0,0,17.5,129.5,1009.9,37.4,9.7,171.3,14.9,6,0.49
31/10/2020,28.2,24.7,82.3,1.06,100,8.33,15.5,155.6,1010.6,37.7,9.4,122.4,10.7,4,0.5
1/11/2020,27.3,24.3,84.1,7.28,100,12.5,17.9,232.2,1011.2,39.2,9.7,116,10,4,0.51
2/11/2020,27.6,24.3,83.2,1.34,100,4.17,16.6,265.8,1011,40.9,10.1,137.1,11.8,5,0.52
3/11/2020,27.7,24.1,81.9,0.35,100,4.17,10.3,158.5,1011.1,37.7,10,125.8,11,4,0.54
4/11/2020,27.2,24.5,85.9,0.59,100,4.17,10.3,130.5,1011.4,42.8,9.8,136.2,11.9,5,0.57
5/11/2020,27.6,24.4,83.5,0,0,0,11,180.4,1010.9,39,9.1,171.6,14.9,6,0.61
6/11/2020,27.4,24.8,86.4,0.18,100,4.17,14.1,113.6,1011,39.2,9.7,178,15.4,7,0.65
7/11/2020,27.8,24,81.2,0.02,100,4.17,12.1,138.4,1011.2,37.9,9.3,198.5,17.3,7,0.7
8/11/2020,28.4,24.4,80.4,0.7,100,4.17,15.5,201.1,1010.7,38.1,9.6,157.1,13.4,6,0.75
9/11/2020,27.8,24.2,81.9,0.82,100,4.17,16.9,228.1,1010.2,39,9.7,94.8,8.2,3,0.8
10/11/2020,27.5,24.2,83.1,0.46,100,4.17,10.3,155.9,1009.8,38.4,9.9,180.2,15.7,6,0.86
11/11/2020,28.4,24.3,79.3,0,0,0,19,123.3,1009.6,39.3,10,195.2,16.9,7,0.91
12/11/2020,29.5,24.2,75.3,0,0,0,13.5,160.5,1009.5,42.3,9.4,222.4,19.3,8,0.95
13/11/2020,28.9,24.6,79.1,0.25,100,4.17,19.4,130.5,1008.8,41,8.6,273.1,23.5,9,0.98
14/11/2020,28.7,24.3,79,11.61,100,4.17,13.9,154.2,1008.6,40,8.3,260.7,22.7,9,1
15/11/2020,28.1,25,84.1,43.83,100,8.33,21.2,174.2,1009.2,40.6,9.5,140.5,12.1,5,0
16/11/2020,27.5,24.8,86.4,12.71,100,8.33,15.3,164.2,1009.4,38.9,8.8,186.5,16.1,7,0.01
17/11/2020,27.2,24.5,86.4,54.62,100,4.17,17.1,196.6,1008.5,42.9,8.4,103.1,8.9,3,0.04
18/11/2020,27.2,24.5,86.7,54.01,100,8.33,19.4,266.1,1008.6,43.2,9,195.7,16.9,7,0.07
19/11/2020,26.7,24.8,89.9,33.64,100,4.17,15.4,146.7,1008.7,39.1,9.1,122,10.6,5,0.12
20/11/2020,27.2,24.2,84.9,24.73,100,8.33,14.1,150.3,1008.8,39.1,9.2,153.6,13.2,6,0.17
21/11/2020,26.4,24.3,88.8,16.14,100,12.5,12.3,172.8,1009.8,40.7,8.8,88.7,7.7,3,0.22
22/11/2020,27,23.9,84.2,1.7,100,8.33,23,182.5,1010.6,38.3,9.4,89.1,7.8,3,0.27
23/11/2020,26.5,24.1,87.2,13.86,100,12.5,10.4,198.3,1010.9,38.7,9.7,84.8,7.3,3,0.31
24/11/2020,26.3,23.9,87.5,4.76,100,12.5,15.9,181.5,1010.3,40.2,9,172.1,14.7,6,0.36
25/11/2020,26.4,23.4,84.9,22.21,100,8.33,15.5,133.9,1009.5,39.1,9.5,214,18.6,7,0.4
26/11/2020,27,23.6,83.3,4.42,100,4.17,14.1,98.3,1009.1,39.2,9.3,176.6,15.3,7,0.43
27/11/2020,26.1,24.1,89.1,25.49,100,8.33,18.8,141,1009.9,41.3,9.1,128.2,11,5,0.46
28/11/2020,27.1,23.9,83.9,23.72,100,8.33,8.7,139.6,1010.4,38,9.1,151.2,13.2,5,0.48
29/11/2020,27.3,23.3,80.4,17.42,100,4.17,8.9,175.3,1010.1,41.2,10,210.1,18.2,7,0.5
30/11/2020,28.3,24.1,79.1,1.39,100,4.17,13.3,173.5,1009.3,39.2,9.8,155.3,13.5,6,0.5
1/12/2020,27.2,23.8,82.5,3.69,100,8.33,13.9,227.7,1009.8,38.3,9.2,104.2,9,4,0.51
2/12/2020,28,23.7,79.2,0.18,100,4.17,15.9,226.5,1009.1,39.3,9.1,126.1,10.8,5,0.53
3/12/2020,27.4,23.9,82.2,0.41,100,4.17,15.9,219.4,1009.2,38.1,9.6,177,15.2,6,0.55
4/12/2020,27.7,22.8,75.6,0.02,100,4.17,11.1,89.6,1009.5,38.9,10.2,121.2,10.4,5,0.58
5/12/2020,27.4,22.9,77.4,8.14,100,12.5,9.2,109.2,1010.2,39.2,10.1,130.3,11.4,5,0.62
6/12/2020,28.3,23,74.7,0,0,0,12.5,207,1010.6,39,9.6,238.8,20.7,9,0.67
7/12/2020,27.2,23.7,82.4,22.22,100,4.17,9.4,159.9,1011,38.4,9.7,162.5,13.9,5,0.73
8/12/2020,27.6,24,81.7,0.35,100,4.17,9.9,190,1011.3,38.2,9.4,154,13.3,6,0.78
9/12/2020,27.3,23.9,82.6,8.54,100,4.17,19.7,97.5,1009.9,38.4,9,161.9,14.1,6,0.84
10/12/2020,26.5,24,86.6,2.9,100,4.17,16.4,93.6,1009.9,38.6,9.7,156.7,13.5,5,0.89
11/12/2020,27.9,23.7,79,0,0,0,15.9,175,1010,38.3,9.4,139.3,12.1,5,0.94
12/12/2020,27.3,23.6,81.2,0.64,100,4.17,17.5,203.3,1009.5,40.3,9.4,110.1,9.6,4,0.97
13/12/2020,27,23.1,80.2,5.22,100,8.33,19,221.2,1009.3,38.3,9.7,97.4,8.5,3,1
14/12/2020,27.1,23.8,83.3,13.07,100,4.17,15.7,177.5,1009.3,38.4,9.2,135.7,11.6,5,1
15/12/2020,26.2,23.3,85.4,25.46,100,12.5,9.4,184,1010.5,40.4,9.6,197.8,16.9,8,0
16/12/2020,26,23.4,86.5,3.25,100,8.33,11,199.9,1011,40.5,8.9,153.7,13.2,6,0.02
17/12/2020,25.9,23.9,89.5,83.42,100,8.33,13.9,174.8,1010.3,41.1,8.4,224.2,19.4,8,0.05
18/12/2020,25.8,23.6,88.2,0.46,100,8.33,12.3,192.7,1010.3,38.6,9.4,221.4,19.1,8,0.09
19/12/2020,26.5,22.8,80.7,0,0,0,8.7,146.4,1010.6,37.8,10,153.9,13.1,6,0.13
20/12/2020,26.7,22.9,80.5,0.53,100,4.17,10.5,105.2,1010.7,37.9,8.6,131.9,11.3,6,0.18
21/12/2020,27.3,23.3,80.1,0.76,100,4.17,11.9,179.9,1009.8,39,9.8,213.4,18.5,8,0.23
22/12/2020,27.4,23.6,80.9,0,0,0,11,143.2,1009.1,37.8,9.5,154.1,13.2,5,0.28
23/12/2020,28.3,23.6,76.7,0,0,0,15.1,216.8,1007.8,41.7,9.6,238.1,20.5,8,0.32
24/12/2020,27.9,24,79.7,0.35,100,4.17,12.3,206.2,1008.2,39.3,9.8,173.5,15,6,0.37
25/12/2020,28.9,24,76.2,0,0,0,12.3,132.2,1008.4,37.9,9.4,172.7,15,6,0.4
26/12/2020,27.9,23.9,79.9,8.7,100,4.17,20.4,91,1009.4,43.1,9.3,193.5,16.8,7,0.44
27/12/2020,27.2,23.3,80.7,9.42,100,4.17,15.7,156.3,1009.5,41.3,9.6,216.7,18.7,8,0.47
28/12/2020,26.9,24.2,86.2,19.14,100,12.5,15.7,142.3,1009,39.7,9.4,190,16.4,7,0.49
29/12/2020,26.2,23.7,86.9,42.71,100,8.33,15.3,169.2,1009.6,41,7.9,107,9.1,4,0.5
30/12/2020,27.1,23.5,82,0.22,100,4.17,17.3,130.7,1009.2,40.9,8.9,153.2,13.2,6,0.5
31/12/2020,27.2,23.6,81.6,1.77,100,4.17,14.1,163.2,1009.8,41.7,8.7,253.8,21.9,9,0.51
1/1/2021,27.1,22.9,78.4,0.88,100,4.17,9.2,86.6,1010.4,40.6,9.9,132.5,11.5,5,0.53
2/1/2021,26.6,23.6,84,0.53,100,4.17,13.7,142.7,1010.1,41.7,9.1,143.3,12.6,5,0.56
3/1/2021,23.8,22.6,93.1,23.54,100,12.5,12.8,213.8,1010.2,47.4,7.9,71.1,6.1,3,0.6
4/1/2021,25.7,22.4,83.5,0.35,100,4.17,8.9,109.9,1010,38.2,9,157.6,13.8,6,0.65
5/1/2021,27.3,23.5,81.1,0.88,100,4.17,21.2,258.2,1009.2,41.1,8.7,106.3,9.2,4,0.7
6/1/2021,26.2,22.9,82.8,0,0,0,15.9,226.5,1009.1,37.4,9.6,118.7,10.2,4,0.76
7/1/2021,26.9,22.9,79.6,0,0,0,10.3,122.5,1008.4,37.5,9.9,171,14.7,8,0.82
8/1/2021,27.8,23,76.4,2.3,100,8.33,12.2,84.5,1007.7,41,8.9,134.7,11.5,5,0.87
9/1/2021,27,22.5,77,0.18,100,4.17,11.2,110.9,1008.9,38.3,10.1,224.1,19.2,8,0.92
10/1/2021,27.5,22.5,74.8,0,0,0,12.5,99.3,1009.4,37.7,9.9,139.3,12,5,0.96
11/1/2021,27.6,22.2,73.9,0,0,0,10.7,111.3,1009.9,40.2,10.2,136.1,11.8,5,0.99
12/1/2021,27.8,22.2,72.8,0,0,0,10,60.1,1010.3,37.9,10.1,224.9,19.4,8,1
13/1/2021,27.4,21.8,72.3,0,0,0,8.2,123.7,1010.5,39.8,10,230,19.9,8,0
14/1/2021,27.3,22.9,77.7,0,0,0,15.7,155.1,1010.3,38.5,9,165.7,14.3,6,0.01
15/1/2021,27.4,22.1,74,6.19,100,4.17,13,88.1,1009,37.6,9.8,274.7,23.7,9,0.03
16/1/2021,28.3,21.7,69.2,0,0,0,13.9,135.3,1008.6,38.7,10.1,260.1,22.4,9,0.06
17/1/2021,28.6,23.4,74.3,0,0,0,14.3,134.9,1009.6,38.4,9.6,231.8,20.1,8,0.1
18/1/2021,27.8,20.1,63.8,0,0,0,11.6,83.1,1010.6,40.1,10,231.9,20,9,0.14
19/1/2021,26.9,20.4,68.7,0.88,100,4.17,10.9,87.3,1010.5,40.8,9.8,268.8,23.4,9,0.19
20/1/2021,27,21.6,73.3,0,0,0,15.3,189.9,1010.9,39,9.9,191.4,16.5,6,0.23
21/1/2021,27.5,22.5,75.5,0,0,0,15.7,121.1,1010.4,37.8,8.9,184.4,16,7,0.28
22/1/2021,27.1,23,79,0,0,0,12.1,139.4,1010.2,37.9,9.8,271.5,23.5,9,0.33
23/1/2021,27.1,22.9,78.9,4.63,100,8.33,12.8,132.1,1010.3,38,9.2,234.8,20.4,8,0.37
24/1/2021,27.4,23.2,79.5,7.07,100,4.17,13.9,130.2,1010.2,42,9.6,243.8,21.1,9,0.41
25/1/2021,27.3,23.7,81.7,15.03,100,4.17,15.5,158.6,1010.1,38.3,9,221.2,19.1,8,0.44
26/1/2021,27.6,22.6,76.3,34.48,100,4.17,17.1,124.4,1009.4,38.7,9.7,214.8,18.6,7,0.47
27/1/2021,26.8,22.7,80.1,28.29,100,4.17,15.5,103.4,1009.6,38.5,8.7,249.5,21.4,9,0.49
28/1/2021,26.4,23,82.7,72.42,100,4.17,18.3,177.7,1010.9,39.2,9.6,171.9,14.9,7,0.5
29/1/2021,27.4,22.7,77.8,0.59,100,4.17,11.9,145.5,1011.2,37.5,8.9,229.2,19.8,8,0.51
30/1/2021,27.8,22,72.5,0,0,0,11,103.5,1011.1,39.1,8.7,278.3,24.1,10,0.52
31/1/2021,27.4,21.8,74,3.54,100,4.17,14.1,125.8,1011.5,39.3,9.2,277.3,24,10,0.54
1/2/2021,27.5,22.4,76.4,47.74,100,4.17,19,97.4,1011.8,41.2,9.5,262.6,22.7,9,0.59
2/2/2021,28.8,22.2,69.1,0,0,0,12.5,125.4,1011.8,37.9,10.2,265.2,22.9,9,0.63
3/2/2021,28,23.2,76.5,0.71,100,4.17,15.7,130.1,1011.4,39.6,10,271,23.3,9,0.68
4/2/2021,28.3,21.7,69.5,0,0,0,8.7,80.1,1011.5,37.3,9.5,280.8,24.1,10,0.74
5/2/2021,27.9,20.6,66.5,0,0,0,14.3,112.5,1011.1,37.2,10.2,299.1,25.8,10,0.8
6/2/2021,28.5,22.5,72.2,0.35,100,4.17,14.6,74.4,1010.1,38.6,10.1,292.2,25.3,10,0.85
7/2/2021,28.6,22.9,72.8,0,0,0,17.7,143.1,1010,37.6,9.9,300.2,25.9,10,0.9
8/2/2021,27.7,23.4,78.6,3.58,100,4.17,15.7,133.3,1010,40.1,9.9,266.9,23.1,9,0.94
9/2/2021,28.6,23.8,76.8,0,0,0,17.3,173.5,1009.7,38.2,9.5,246.4,21.4,8,0.97
10/2/2021,28.4,24,77.9,0.4,100,16.67,13.9,124.8,1009,34.7,9.7,165.2,14.5,6,1
11/2/2021,28.7,23.5,74.7,2.65,100,4.17,17.7,128.2,1011,28.9,9,198,17.3,7,1
12/2/2021,28.7,23.5,74.5,1.4,100,45.83,12.3,106.5,,26.4,9.9,292.4,25.2,10,0
13/2/2021,28.8,23.1,72.2,0.12,100,4.17,17.3,115.3,1012.1,33.1,9.9,271,23.5,9,0.02
14/2/2021,29.3,23.5,72.7,0,0,0,17.3,142.5,1011.5,41.1,9.9,267.8,23.1,9,0.04
15/2/2021,29.6,23,69.1,0,0,0,17.1,171.2,1010.4,41.5,10.2,269.4,23.4,10,0.07
16/2/2021,28.8,22.4,69.1,0,0,0,15.7,175.7,1010,40.8,9.8,291.5,25.1,10,0.1
17/2/2021,28.4,22.6,72.3,3.54,100,4.17,16.1,161,1010.8,41,9,294.6,25.4,10,0.14
18/2/2021,28.3,20.5,64.9,3.54,100,4.17,9.1,89.9,1011.6,38.9,9.9,271.5,23.4,9,0.19
19/2/2021,27.7,19.9,63.8,0,0,0,11.8,96.2,1011.7,35.6,10.1,299.9,25.9,10,0.24
20/2/2021,28.2,20.3,63.6,0,0,0,10.7,100.3,1012.4,28.3,10,239.2,20.6,9,0.28
21/2/2021,28.9,20.8,62.9,0,0,0,20.2,109.6,1012.1,37.5,10.1,279.2,24.1,10,0.33
22/2/2021,29,21.1,64.3,0,0,0,19.2,93.4,1010.6,37.5,10.2,287.2,24.8,10,0.38
23/2/2021,28.9,22,67.9,0,0,0,17.7,189.6,1009.6,37.4,10.1,306.3,26.5,10,0.42
24/2/2021,29.2,22.1,67.6,0,0,0,19.6,208.1,1009.5,37.7,9.8,274.3,23.8,9,0.45
25/2/2021,29.3,20.9,62.4,0.02,100,4.17,25.3,274.2,1008.7,37.6,10,290.2,25,10,0.48
26/2/2021,28.7,20,61.9,0,0,0,29.1,289,1008.4,37.2,10.1,305.6,26.4,10,0.5
27/2/2021,29.2,21.5,66,0,0,0,21.4,277.9,1008.3,36.1,10,312.3,27,10,0.5
28/2/2021,28.6,22.3,69.8,0.18,100,4.17,16.1,213.8,1009.4,38.2,10.1,297.5,25.6,10,0.51
1/3/2021,29,23.2,72,0,0,0,31.8,185.1,1011,37.7,9.1,260,22.4,9,0.53
2/3/2021,27.9,23.3,77.8,41.55,100,4.17,17.5,130.7,1010.5,41.2,8,267.9,23.2,9,0.57
3/3/2021,27.9,23.7,79.6,3.54,100,4.17,21.2,149.2,1011,38.5,8.9,285.8,24.8,10,0.61
4/3/2021,28.9,23.3,74.3,0.35,100,4.17,15.7,75.1,1010.8,37.7,8.9,250.2,21.5,8,0.67
5/3/2021,29.6,23.4,70.9,0.09,100,4.17,11.5,121.7,1010.3,41.1,10.1,246.3,21.3,8,0.72
6/3/2021,28.6,23.7,76.2,4.81,100,4.17,22.8,175.8,1010.9,45,9.9,183.7,15.8,7,0.78
7/3/2021,25.6,23.4,87.8,11.65,100,12.5,13.9,141.7,1012.2,43.2,9.1,142.9,12.3,5,0.83
8/3/2021,28.2,22.8,74.5,0,0,0,15.7,156.9,1011.3,37.3,9.4,283.3,24.4,9,0.88
9/3/2021,29.2,21.8,67.5,0,0,0,11,107.1,1011,38.5,9,245.2,21.1,8,0.93
10/3/2021,29.4,21.6,65.1,0,0,0,17.5,190,1010.9,38,10.1,302.1,26.2,10,0.96
11/3/2021,28.5,22.9,72.9,2.43,100,4.17,20.6,127.3,1010.9,38.9,10,256.2,22.1,10,0.99
12/3/2021,26.6,22.9,81.7,21.28,100,8.33,16.1,147.1,1012,38,10,186.6,16.1,7,1
13/3/2021,26.9,23,80.9,34.1,100,4.17,19.4,200.4,1011.6,40.7,9.5,232.7,20.1,9,0
14/3/2021,27.8,23.9,80.4,0.53,100,4.17,19,112.4,1009.8,40.7,9.8,243.4,21.1,8,0.01
15/3/2021,28.8,23.9,76.7,1.77,100,4.17,17.5,94.1,1009,38,9.3,228.5,19.6,8,0.02
16/3/2021,27.1,24,84,24.63,100,8.33,13.7,144.4,1008.8,40.6,9.3,148,12.7,5,0.04
17/3/2021,27.3,23.7,81.7,1.77,100,4.17,12.8,184.2,1009,39.4,9.8,201.9,17.4,7,0.07
18/3/2021,27.6,23.4,79.6,1,100,4.17,12.1,122.9,1008.3,39,9.7,146.8,12.7,5,0.11
19/3/2021,27.2,23.7,82.2,13.61,100,4.17,29.1,148.2,1008.4,37.9,8.5,239.4,20.6,8,0.15
20/3/2021,26.9,23.6,83.2,29.24,100,4.17,15.9,124.8,1007.2,39.4,8.3,213.9,18.4,7,0.2
21/3/2021,27.8,24.3,82.2,0,0,0,15.5,124.3,1007.3,40.6,8.4,214.5,18.6,8,0.24
22/3/2021,29.1,23.3,73,0,0,0,19.2,97.9,1008.7,39.5,9.4,292.3,25.2,10,0.29
23/3/2021,28,23.1,75.8,0.88,100,4.17,15.7,155.8,1009.5,41.3,9.8,217,18.8,8,0.34
24/3/2021,27.2,23.7,81.6,0.95,100,12.5,8.9,121.4,1009.2,39.5,9.9,171.2,14.7,7,0.39
25/3/2021,27.2,23.8,82.8,2.39,100,8.33,13.6,68.5,1008.5,41.4,10,182.9,15.7,6,0.43
26/3/2021,27.7,23.2,78.3,30.06,100,4.17,13,141.9,1008.1,40.3,9.5,281.1,24.1,10,0.46
27/3/2021,26.6,23.7,85.4,124.48,100,8.33,14.1,133.9,1008.2,41.6,8.7,253.2,21.8,9,0.49
28/3/2021,28.2,23.1,75.6,0.2,100,4.17,12.5,137,1007.3,40.1,10.2,196.8,17.1,6,0.5
29/3/2021,26.9,23.8,83.7,10.42,100,4.17,9.9,229.8,1008.4,41,9.5,188.3,16.1,6,0.51
30/3/2021,29.3,23.9,74.7,0,0,0,12.5,169.8,1006.8,37.9,8.9,212.9,18.4,7,0.53
31/3/2021,29.7,23.4,70.9,0,0,0,16.4,208.6,1006.6,39.9,10.1,127.6,11.1,4,0.55
1/4/2021,30.2,22.6,66.5,0,0,0,16.6,190.2,1006.6,37.6,9.8,204.1,17.6,7,0.6
2/4/2021,29.3,23.5,71.8,4.42,100,4.17,15.3,221.1,1007.3,38.3,9.7,170.9,14.8,6,0.65
3/4/2021,29.4,23.5,71.5,0,0,0,17.9,258.5,1007.5,37.7,9.9,74.9,6.5,2,0.7
4/4/2021,29.2,24,74.2,0.7,100,4.17,18.2,268.6,1008.2,38.2,10.1,196.2,17,7,0.76
5/4/2021,27.9,24.4,82.5,55.82,100,8.33,16.6,180.6,1009.2,39.8,9.4,106.9,9.1,4,0.81
6/4/2021,27.9,24.3,81.9,2.67,100,4.17,11.7,143.5,1009.6,38.6,9.9,179.2,15.5,6,0.86
7/4/2021,28.3,23.8,78.1,0,0,0,17.3,169.6,1010.4,40.3,9.6,193.1,16.8,7,0.91
8/4/2021,28.2,23.7,78.3,3.81,100,4.17,17.1,214.7,1009.5,37.9,9.9,240.4,20.7,9,0.94
9/4/2021,28.6,24.8,80.5,6.39,100,8.33,19.4,158.9,1009.2,39.6,8.8,132.5,11.3,5,0.97
10/4/2021,28.5,24,78.6,7.07,100,4.17,12.5,119.7,1010.1,39.7,9.8,186.6,16.1,7,0.99
11/4/2021,28.4,24,78.6,39.78,100,4.17,23.3,118.5,1010.6,39.4,8.4,232.8,20,9,1
12/4/2021,27.6,23.7,81,42.44,100,8.33,17.3,160.4,1011.3,40.4,8.9,239.2,20.6,9,0
13/4/2021,27.1,24,84,19.63,100,8.33,15.7,126.2,1011.1,39,9.2,195.2,16.9,7,0.01
14/4/2021,27.5,23.7,81.2,0.7,100,8.33,17.3,143.5,1010.9,38,9.5,222.5,19.3,7,0.03
15/4/2021,27.1,23.6,82.9,14.48,100,8.33,16.1,166.9,1010.3,38.3,8.2,209.3,18.1,7,0.05
16/4/2021,26,24,89,22.1,100,8.33,10.3,84.6,1010.5,39,8.4,238.4,20.6,8,0.08
17/4/2021,27.4,23.3,79.7,7.07,100,4.17,15.9,231.5,1011.8,38.7,9.3,135.9,11.8,5,0.12
18/4/2021,28.1,23,75.7,0.18,100,4.17,17.9,191.3,1011.6,39.2,9.9,165.7,14.2,5,0.16
19/4/2021,27.5,23.8,80.7,14.62,100,8.33,12.3,184.7,1010.6,41.1,9.8,213.4,18.5,7,0.21
20/4/2021,28.6,23.7,75.9,1.51,100,8.33,20.8,159,1009.9,39.9,9.5,157.3,13.5,5,0.26
21/4/2021,28.6,24,77.1,0,0,0,17.1,145.6,1009.9,40.3,10,183.7,15.9,6,0.31
22/4/2021,27.6,24.6,83.9,5.28,100,4.17,20.6,154.6,1010.3,38.8,9.9,87.1,7.5,3,0.36
23/4/2021,28,23.2,76.6,0.88,100,4.17,13.9,214.9,1010.2,39,9.9,158.1,13.7,6,0.41
24/4/2021,28.6,23.2,74,0.12,100,12.5,12.1,282.6,1010.3,39.3,9.9,151.7,13.1,6,0.45
25/4/2021,28.9,24,75.8,3.31,100,8.33,13,187.5,1010,40.7,9.7,277.7,24,9,0.48
26/4/2021,27.2,24.5,85.9,24.75,100,4.17,11.4,182.8,1009.9,39.6,8.9,209.5,18,7,0.5
27/4/2021,27,24.3,86.4,8.19,100,4.17,13,108.1,1010.8,39.5,7.7,112.6,9.7,3,0.5
28/4/2021,26.9,24.2,86.2,31.81,100,4.17,12.8,145.1,1011.2,39,8.2,137.6,11.8,5,0.52
29/4/2021,27.4,24.1,83.2,0.4,100,4.17,15.3,121.8,1010.2,37.5,9.3,164.7,14.2,6,0.54
30/4/2021,27,24.1,85,10.63,100,8.33,13.9,127.1,1010.2,42.7,9.1,110.2,9.5,4,0.58
1/5/2021,27.9,24,80.5,0.18,100,4.17,15.7,138,1009.5,42,9.8,203.7,17.7,7,0.63
2/5/2021,27.8,24.4,83.8,72.78,100,8.33,14.6,142.7,1009.1,40.2,9.3,215.4,18.6,8,0.68
3/5/2021,28.2,24.2,81,24.99,100,4.17,13.2,128.2,1007.4,39.5,9.7,263.8,22.8,9,0.74
4/5/2021,27.1,24.3,85.9,8.73,100,8.33,18.8,183.2,1007.6,39.3,9.4,180.2,15.6,7,0.79
5/5/2021,26.7,24,86.1,44.12,100,4.17,17.5,95.8,1007.8,40.9,7.8,200.7,17.4,7,0.84
6/5/2021,26.6,24.1,86.7,7.07,100,8.33,13.7,205.2,1009.4,40.2,8.4,198.5,17.3,6,0.89
7/5/2021,27.9,23.8,80,1.06,100,8.33,13.9,72.5,1009.3,39.7,9.4,176.3,15.4,6,0.92
8/5/2021,27.1,24.2,85.6,6.35,100,4.17,12.5,161.6,1009,37.9,9,234.4,20.3,8,0.96
9/5/2021,27.9,23.9,80.7,1.7,100,8.33,13.7,196.5,1008.3,40,9.2,195.1,16.9,7,0.98
10/5/2021,28.8,24.4,79,0.55,100,8.33,16.9,158,1007.6,41,9.4,137.2,11.8,5,1
11/5/2021,29,24.6,78,0,0,0,14.1,150.4,1007.6,37.7,9.8,131.7,11.2,4,1
12/5/2021,28.3,24.8,81.7,19.07,100,8.33,16.9,117.9,1007.4,39.2,9.7,121.7,10.7,5,0
13/5/2021,28,25,84.4,0.71,100,4.17,15.7,131.3,1006.4,38.2,7.3,160.4,13.8,6,0.01
14/5/2021,28.2,24.8,82.8,1.01,100,8.33,9.2,173.1,1007.2,40.7,8.5,165.3,14.1,6,0.03
15/5/2021,29,24.9,79.4,0.46,100,4.17,13.5,160.9,1007.4,41.1,9.7,271.9,23.5,9,0.06
16/5/2021,28.5,25.1,83.1,11.84,100,12.5,13.7,135.4,1008,39.4,9.7,210.7,18.1,7,0.09
17/5/2021,26.7,25.1,90.6,47.2,100,8.33,8.9,135.6,1008.8,41.1,8.9,98.3,8.4,3,0.14
18/5/2021,26,24.3,90.9,70.64,100,12.5,29.1,78.8,1009.5,39.7,9.2,172.5,14.9,6,0.18
19/5/2021,27.1,24.5,86.7,0.35,100,4.17,13.7,154.8,1008.9,39.7,8.9,144.6,12.6,6,0.23
20/5/2021,28.5,24.7,81,0.02,100,4.17,10.7,159.9,1009.5,38.5,9.1,140.1,12.2,5,0.28
21/5/2021,28.3,24.3,79.7,0.4,100,8.33,14.3,135.7,1010,37.9,9.4,136.2,11.8,4,0.34
22/5/2021,28.6,23.7,75.5,0.07,100,4.17,11.9,117.4,1009.5,37.7,10.1,212.1,18.2,8,0.39
23/5/2021,29.6,24.3,74.9,0,0,0,12.3,170.9,1008.9,37.6,8.8,209.2,18.1,7,0.44
24/5/2021,29.4,24.8,77.3,0.18,100,4.17,14.1,158.9,1009.2,39.9,9.5,136.2,11.8,5,0.47
25/5/2021,29.3,24.5,76.7,0,0,0,15.7,105.9,1008.9,39.7,9.7,149.4,12.9,5,0.49
26/5/2021,28.8,24.2,77.5,0.88,100,4.17,15.9,142.6,1008.5,40.7,9.6,130.4,11.4,5,0.5
27/5/2021,26.2,24.3,89.5,21.65,100,12.5,20.1,157.9,1010.1,38.9,8.7,70.4,6.2,3,0.51
28/5/2021,28.5,24,78.5,0,0,0,12.3,141.1,1010.2,37.9,9.5,217.7,18.8,7,0.53
29/5/2021,29.1,23.6,73.6,0,0,0,18.2,124.2,1010,39,10.1,205.4,17.7,7,0.56
30/5/2021,29.8,23.6,70.6,0,0,0,19.2,166.5,1008.5,37.8,10.2,155.1,13.3,6,0.61
31/5/2021,29.9,23.7,70.6,0,0,0,15.1,127.8,1007.7,39,10.1,192.3,16.7,7,0.66
1/6/2021,29.9,23.8,70.6,0,0,0,12.5,130.7,1007.8,40.1,10.1,168.8,14.8,6,0.71
2/6/2021,29.7,24,72.8,0.05,100,4.17,24.2,90.1,1007.9,38.4,10.1,171.8,14.8,6,0.76
3/6/2021,29.1,24.5,77,0.2,100,8.33,17.3,90,1008.8,38.8,10,160,13.9,7,0.81
4/6/2021,29.6,24.2,74.2,0,0,0,17.5,117.3,1009.1,41.4,9.9,160.1,14,6,0.86
5/6/2021,28.2,24,79.5,26.66,100,8.33,14.1,162.9,1010.6,41.8,9.4,140.5,12,5,0.9
6/6/2021,28.9,24,76.2,0,0,0,14.3,190.1,1010.1,39.1,9.9,184.6,15.9,7,0.94
7/6/2021,27.5,23.6,79.6,11.49,100,4.17,17.5,119.3,1010.3,37.6,9.7,228,19.6,8,0.97
8/6/2021,28.8,23.9,75.8,0.46,100,4.17,12.1,119.7,1010,41.2,9.9,160.8,14,5,0.99
9/6/2021,28.1,23.3,76.3,2.9,100,4.17,12.1,110.9,1009.7,38,10,197.3,16.9,7,1
10/6/2021,27.6,22.8,76,0.05,100,4.17,22.6,188.2,1008.9,38.5,10,133.9,11.6,4,0
11/6/2021,27.9,22.5,73.4,0,0,0,10.7,111.7,1008.5,38.2,10,148.6,12.9,5,0.01
12/6/2021,27.4,23.4,79.5,12.38,100,4.17,12.3,128.5,1009.2,38.4,9.9,185.4,15.8,7,0.02
13/6/2021,27.8,24,80.4,0,0,0,17.5,83.2,1009.8,38.6,9.8,134,11.6,5,0.04
14/6/2021,27.8,23.5,78.4,0,0,0,17.3,124.5,1009.5,39.2,10,179.8,15.5,6,0.08
15/6/2021,28.4,23.5,76,0,0,0,15.3,184,1009.3,39.1,10.1,184.1,15.9,6,0.12
16/6/2021,27.8,23.5,78.4,1.11,100,8.33,12.5,100.5,1010.5,37,10.1,200,17.3,7,0.16
17/6/2021,27.2,23,79,2.65,100,4.17,13.9,104,1010.6,39.1,9.8,125.2,10.8,4,0.21
18/6/2021,27.7,22.7,75.2,0.55,100,8.33,10.5,148.1,1011.6,38.3,10.1,175,15.2,7,0.27
19/6/2021,27.6,24.4,83.6,3.72,100,8.33,15.7,106.2,1011.3,40.3,9.4,162.6,14.2,6,0.32
20/6/2021,25.8,24,89.7,13.69,100,12.5,11.6,94.4,1011,38,8.8,142.1,12.3,5,0.38
21/6/2021,28,22.5,75.1,0,0,0,13.9,169.1,1010.4,37.4,8.3,152.5,13.2,5,0.42
22/6/2021,28.4,22.5,72.3,0,0,0,17.5,124.4,1010.4,37.8,10.1,170.9,14.7,6,0.46
23/6/2021,28.8,23,72.2,0,0,0,15.5,175.2,1011,38,10.2,215.9,18.6,7,0.49
24/6/2021,29.6,23.5,71.6,0,0,0,17.5,163.6,1010,37.7,10.1,172.1,15,6,0.5
25/6/2021,29.2,23.6,73.1,0,0,0,21.9,267.2,1009.6,38.7,10,158.4,13.6,6,0.51
26/6/2021,27.8,23.5,78.8,12.4,100,8.33,14.1,151.4,1010,40.1,9.6,153.5,13.3,5,0.53
27/6/2021,26.4,23.5,84.8,16.09,100,8.33,25.4,87.4,1010.8,39.5,9.5,160.8,13.7,5,0.55
28/6/2021,27,23.2,81.6,1.77,100,4.17,13.7,141.3,1010.4,39.1,9.5,182.9,15.7,6,0.59
29/6/2021,26.1,23.2,84.5,8.84,100,4.17,17.5,210.3,1011.1,38.4,9.8,199.1,17.3,7,0.64
30/6/2021,28.1,22.9,75.1,0,0,0,10.7,132.4,1010,39.4,10.2,181.5,15.6,6,0.69
1/7/2021,27.6,23.9,80.9,8.84,100,4.17,15.3,91.2,1009.8,37.9,9.7,144.5,12.4,5,0.74
2/7/2021,28.2,23.4,76.5,0,0,0,15.3,177,1009.8,40.1,9.9,200.7,17.3,7,0.78
3/7/2021,28.4,23.7,76.8,3.13,100,4.17,19.9,172.5,1009.5,38.1,9.7,166.7,14.2,6,0.83
4/7/2021,27,23.8,82.7,0.42,100,4.17,15.7,134.8,1008.8,38.8,10,121.5,10.5,4,0.88
5/7/2021,27,23.9,83.6,0.53,100,4.17,17.1,115.8,1008.8,39.1,9.9,138.6,12,5,0.91
6/7/2021,26.6,23.3,82.5,0,0,0,16.1,205.8,1008.6,40.7,9.7,169.3,14.6,6,0.95
7/7/2021,28.4,23,73.8,0,0,0,15.7,107.1,1008.4,40.8,10.1,176.7,15.2,6,0.97
8/7/2021,27.4,23.7,81.4,21.22,100,4.17,12.8,90.9,1008.7,39.2,9.6,176.2,15.4,6,0.99
9/7/2021,27.6,23.4,78.9,1.74,100,8.33,15.9,140.3,1007.8,38.5,9.8,182.8,15.8,6,1
10/7/2021,27.2,23.3,80.3,3.54,100,4.17,12.3,180.3,1007.5,39.3,9.8,216.4,18.6,7,0
11/7/2021,26.7,23.4,83.3,6.64,100,12.5,19,201.9,1009.3,41.7,9.4,107.7,9.2,4,0.01
12/7/2021,27.1,23.1,80.7,29.16,100,8.33,16.1,228.7,1009.9,39.5,9.6,115.3,9.9,4,0.03
13/7/2021,27,23.4,81.1,0.2,100,8.33,14.3,135.4,1009.5,43,10,129.5,11.3,4,0.06
14/7/2021,27.6,22.3,74,0,0,0,14.6,122.1,1008.8,38.4,10,140.8,12.2,5,0.1
15/7/2021,28.8,22.2,69.6,0,0,0,15.1,110,1008.7,37.4,10.1,172.9,15.1,6,0.14
16/7/2021,29.2,22.6,69.3,0,0,0,12.8,122,1009.8,37.6,10.1,195.2,16.7,7,0.2
17/7/2021,29.7,23.4,70.6,0,0,0,12.5,119.6,1008.8,37.9,10.1,235.2,20.3,8,0.25
18/7/2021,28.7,23,72.3,0,0,0,12.8,118.7,1008.7,37.4,9.9,223.3,19.3,7,0.31
19/7/2021,29.4,21.6,65.6,0,0,0,17.5,134.3,1009.2,37.2,10.1,225.6,19.5,8,0.37
20/7/2021,29.2,22.1,66.6,0,0,0,12.3,109.2,1010.1,37.4,10.1,143.9,12.3,4,0.41
21/7/2021,29.7,22.4,66,0,0,0,17.3,97.3,1010.1,38.6,10.1,176.3,15.3,6,0.45
22/7/2021,29.7,23.4,70.2,0,0,0,17.7,144.3,1009.4,38.4,10,123.4,10.6,5,0.48
23/7/2021,29,21.9,67.2,0.53,100,4.17,18.6,179.5,1009.5,38,10,161.1,14.1,6,0.5
24/7/2021,29.4,22.6,67.8,0,0,0,17.1,119.6,1009.6,37.8,10.1,155.7,13.5,5,0.5
25/7/2021,29.6,23.6,71.4,0,0,0,15.9,105.2,1009.4,37.9,9.7,162.7,14,6,0.52
26/7/2021,28.2,23.7,77.4,10.28,100,4.17,19,131.2,1009.4,37.7,9.8,145.8,12.9,5,0.54
27/7/2021,28.3,22.6,72.6,0.58,100,4.17,13.5,175.8,1009.4,37.7,10,161.8,14,6,0.57
28/7/2021,28.8,22.2,69.4,0,0,0,19.2,96.3,1009.2,37.7,10.1,157.2,13.5,6,0.61
29/7/2021,28.7,22.1,68.1,0,0,0,15.7,117,1010.1,38.1,10.1,145.1,12.7,5,0.66
30/7/2021,27.3,23.6,80.5,16.1,100,12.5,8.9,113.5,1011,37.9,9.6,106,9.2,4,0.7
31/7/2021,28.4,23.6,76.5,0.35,100,4.17,13.9,158.8,1010.7,39.2,9.4,177.4,15.3,7,0.75
1/8/2021,27.5,23.9,81.5,47.41,100,8.33,11.2,212.4,1010.5,38.5,9.8,161.6,13.9,6,0.8
2/8/2021,29.1,23.6,74,0,0,0,15.3,155,1009.9,39.2,9.9,139.5,12,5,0.84
3/8/2021,29.1,23.7,73.6,0,0,0,12.5,155.6,1010.5,38.3,10.1,153.4,13.2,5,0.89
4/8/2021,27.8,23.4,77.6,0.58,100,8.33,10.7,135.9,1011.7,39.2,9.6,126.6,10.9,4,0.93
5/8/2021,28.2,23,74.9,6.19,100,4.17,14.6,155.5,1011.2,38.8,10,167.2,14.5,6,0.96
6/8/2021,28.8,23,72.2,0,0,0,15.7,114.4,1010.2,38.8,10.1,199.1,17.1,7,0.98
7/8/2021,29.3,23.6,72.5,0,0,0,17.5,144.7,1010.5,38.6,10.1,185.4,15.9,6,1
8/8/2021,27.8,23.8,79.9,0.35,100,4.17,20.6,193.8,1011.4,38.5,9.9,145.4,12.6,5,1
9/8/2021,28.1,23.6,78.1,0.88,100,4.17,19.2,190.2,1010.1,38.2,9.6,249.5,21.4,8,0
10/8/2021,28.4,24.2,78.8,0.35,100,4.17,14.1,245.2,1009.2,40.6,10.1,157,13.6,5,0.02
11/8/2021,27.5,23.7,80.7,2.12,100,8.33,21,186.8,1010.6,40,9.7,134.9,11.6,5,0.05
12/8/2021,28.8,23.6,75.2,0,0,0,12.3,131.1,1011.3,39.6,9.8,221.6,19.3,7,0.09
13/8/2021,29.2,22,67.4,0,0,0,17.7,142.2,1009.9,37.8,10.1,217.7,18.7,7,0.13
14/8/2021,28.2,23.3,75.7,0,0,0,17.1,105.4,1009,40.2,10.1,137,11.8,5,0.19
15/8/2021,27.3,23.9,82.2,2.77,100,4.17,11,136.4,1009.8,39.4,9.5,196.1,17.2,7,0.24
16/8/2021,26.2,24,88.3,18.66,100,12.5,15.9,143.7,1011.8,40.3,9.4,186.4,16.1,7,0.3
17/8/2021,25.9,23.3,86.7,51.64,100,8.33,15.7,135.6,1012.1,40.5,9.5,132.6,11.6,5,0.35
18/8/2021,24.9,23.3,91.3,29.35,100,12.5,15.5,139,1011.2,41.1,9.1,171.6,14.8,6,0.4
19/8/2021,26.6,22.6,80,1.52,100,8.33,16.1,240.1,1010.4,40,10,131.5,11.4,4,0.44
20/8/2021,26.3,23.3,84.4,4.42,100,4.17,15.1,232.8,1010.4,39.7,10,130.2,11.3,4,0.48
21/8/2021,27.4,23.3,80,0,0,0,11,135.3,1010.3,39.8,10,182.7,15.7,6,0.49
22/8/2021,26.4,22.8,82.2,0.46,100,4.17,14.1,143.1,1011.1,38.5,9.6,131.1,11.5,4,0.5
23/8/2021,27.6,23,77,0.02,100,4.17,13.5,200,1010.2,38.6,10,155.7,13.6,6,0.51
24/8/2021,27.3,22.5,75.9,1.28,100,4.17,14.8,241.1,1010.4,38.1,10,124.4,10.8,4,0.53
25/8/2021,27,22.6,77.7,0.23,100,4.17,17.3,148,1009.6,38.5,10.1,219.6,19.1,8,0.55
26/8/2021,28.1,22.7,74.1,0,0,0,20.8,137.8,1008.8,37.9,10.1,192.5,16.8,6,0.59
27/8/2021,28,22.7,74,1.16,100,4.17,21.3,146.5,1008.8,38.2,9.6,257.7,22.2,9,0.63
28/8/2021,28,22.1,72.3,4.41,100,4.17,21.4,105.8,1008.1,39.4,9.7,209,18.2,7,0.67
29/8/2021,26.8,23.5,82.7,7.25,100,8.33,16.9,125.3,1008.6,39.7,9.6,139.6,12.2,4,0.72
30/8/2021,28.4,22.8,73.3,0,0,0,21,123.1,1009.2,38.5,9.6,215.7,18.5,7,0.76
31/8/2021,27,23.6,82.4,15.03,100,8.33,16.1,136.9,1010.3,42.1,9.6,200,17.3,7,0.81
1/9/2021,27.7,22.9,76.5,0.05,100,4.17,13.9,183.9,1010.3,39.7,10,110.1,9.5,4,0.86
2/9/2021,27.6,22.6,75.1,0,0,0,12.1,139.4,1010.2,40,10.1,173.6,15.1,6,0.9
3/9/2021,27.5,22.8,76.1,1.51,100,4.17,13,147.9,1009.7,38,9.9,157.4,13.5,5,0.94
4/9/2021,28,22.6,73.7,0.46,100,4.17,18.8,138.1,1009.9,37.9,10.1,225.7,19.5,8,0.97
5/9/2021,28.1,22.9,75,0.02,100,4.17,19,119.9,1009.7,38.1,10.1,189.2,16.4,7,0.99
6/9/2021,27.3,23.3,79.8,1.39,100,4.17,10.7,109.2,1010.5,38.9,9.2,222.6,19.3,8,1
7/9/2021,28.7,23.4,74.4,0.09,100,8.33,20.1,207.5,1010.6,39,8.8,222.2,19.2,8,0
8/9/2021,28.6,23.1,72.8,0,0,0,17.3,222.5,1010.1,39.8,9.9,195.7,16.9,7,0.01
9/9/2021,27.7,23.2,78.2,13.26,100,4.17,15.1,214,1010.2,40.3,9.9,218.7,18.8,7,0.04
10/9/2021,28.4,23.1,74.2,0.02,100,4.17,13.9,126.7,1010.4,40.1,10.2,149.2,13,5,0.07
11/9/2021,29.3,23,70.2,0,0,0,14.1,143.1,1009.1,37.8,10.1,152,13.1,5,0.12
12/9/2021,28.5,23.1,73.2,1.18,100,8.33,15.5,182,1008.5,39.7,9.6,153,13.4,5,0.17
13/9/2021,26.6,22.5,79.4,9.23,100,4.17,16.2,240.9,1010.3,38.9,9.5,105.1,9.1,4,0.23
14/9/2021,28.4,22.9,73.5,0,0,0,13.9,128.4,1010.4,37.5,10.2,192.6,16.8,7,0.28
15/9/2021,27.7,23.4,78.6,4.42,100,4.17,11,132.1,1010.4,38.2,10.1,169.2,14.7,6,0.34
16/9/2021,28.2,22.8,74.5,0.18,100,4.17,15.9,104.8,1009.1,23.2,10,226.5,19.4,7,0.39
17/9/2021,28.9,23.3,73,0,0,0,22.6,123,1008.9,8.5,10,197.6,16.9,7,0.43
18/9/2021,26.6,23.6,84.7,34.93,100,8.33,17.1,174.7,1009.8,10.1,9.2,204.2,17.8,7,0.47
19/9/2021,25.5,23.7,90.3,60.93,100,8.33,16.2,145.9,1011.5,10.4,8.2,187.6,16.3,6,0.49
20/9/2021,27.5,22.4,76.4,27.22,100,4.17,15.3,211.9,1010.5,9,9.6,212.6,18.4,7,0.5
21/9/2021,29.3,23.1,71.2,0,0,0,12.3,227.5,1009.1,8.5,10,214.8,18.7,7,0.5
22/9/2021,27.5,22.7,77.1,27.59,100,8.33,16.4,145,1009.5,9.3,10,186.6,16.4,7,0.52
23/9/2021,29,22.4,68.9,0,0,0,14.3,132.4,1009.4,8.3,10,250.9,21.7,8,0.53
24/9/2021,28.7,23,72,0,0,0,16.9,138.6,1009.5,8.9,9.9,205.6,17.8,8,0.56
25/9/2021,28.9,24.2,76.7,0,0,0,12.8,123.8,1008.4,8.5,10,158.9,13.7,5,0.6
26/9/2021,27.5,24,82.6,51.83,100,4.17,16.9,96.3,1007.7,9.9,9.5,201.9,17.5,7,0.64
27/9/2021,27.2,23.4,81.3,5.54,100,4.17,13.7,248.2,1009,30,9.6,154.5,13.4,6,0.68
28/9/2021,27.5,23.9,81.6,4.7,100,8.33,19.6,197.7,1008.3,39.7,9.7,209.5,18.1,7,0.73
29/9/2021,26.2,23.5,85.6,6.67,100,12.5,19,199.4,1009.1,39,9.8,166.6,14.3,6,0.77
30/9/2021,27.1,22.8,77.9,1.33,100,8.33,15.7,138.1,1009.6,37.7,10,212.4,18.4,8,0.82
1/10/2021,28.2,22.3,71.7,0,0,0,23.2,121.8,1010,37.9,10.1,189.9,16.5,7,0.87
2/10/2021,28,21.1,67.7,0.19,100,8.33,13.9,144.2,1010,38.2,9.9,225.2,19.5,8,0.91
3/10/2021,29,22.9,71.2,0,0,0,11.9,155.7,1009.2,39,10.1,276,23.9,9,0.95
4/10/2021,28.4,24,77.8,0.71,100,4.17,13.7,207,1008.3,39.3,9.3,267.2,23,10,0.98
5/10/2021,28.4,23.6,75.9,1,100,8.33,15.9,301.9,1008.4,38.2,9.6,134,11.8,4,1
6/10/2021,28.1,22.7,73.5,0,0,0,21.9,273,1007.8,40.2,10.1,225,19.5,8,0
7/10/2021,28.3,22.8,73.3,0,0,0,21.7,299,1008,37.9,10.1,148.3,12.7,5,0.01
8/10/2021,29.6,22.7,68.6,0,0,0,15.7,175.1,1008,37.3,10.2,158,13.7,6,0.03
9/10/2021,29.8,23.8,71.1,0.02,100,4.17,15.5,198.9,1008.3,39.7,9.7,167.5,14.6,6,0.06
10/10/2021,29.9,24.2,72.7,0,0,0,14.1,234.1,1008.2,38.1,9.9,176.8,15.2,6,0.11
11/10/2021,30,23.1,68.4,0,0,0,14.3,163.8,1007.3,37.7,10.1,230,19.8,9,0.16
12/10/2021,30.1,22.6,65.6,0,0,0,14.3,153.1,1007.2,38.7,10.1,237.8,20.5,9,0.21
13/10/2021,30.5,23.3,66.9,0,0,0,15.7,209.8,1006.7,38,10.1,158.6,13.8,5,0.27
14/10/2021,29.8,22.7,66.9,0,0,0,19.2,140.9,1006.9,37.5,10.1,213.6,18.5,8,0.33
15/10/2021,30.3,21.6,61.7,0,0,0,14.1,123.7,1006.5,37.3,10.2,211,18.3,7,0.37
16/10/2021,29.9,21.4,62.5,0,0,0,17.7,115.1,1007.5,37.3,10.1,117,9.9,4,0.42
17/10/2021,27.3,22.9,77.5,2.65,100,4.17,20.4,191.3,1009.3,38.2,9.9,109.3,9.4,4,0.45
18/10/2021,28,23.1,76.4,3.01,100,4.17,19.6,242.7,1010.5,41.4,10,148.4,13,6,0.48
19/10/2021,28,24.1,81.3,25.68,100,12.5,15.5,148.9,1012.1,41,9.8,244.2,21.1,9,0.49
20/10/2021,25.6,23.8,90.4,55.9,100,12.5,12.3,220.7,1013.2,42.7,9.1,152.2,13.3,6,0.5
21/10/2021,27.4,22.8,77.7,0.6,100,8.33,15.5,271.7,1012.4,37.7,10.1,189.4,16.3,7,0.51
22/10/2021,28.8,23.5,74.5,0,0,0,17.3,240.7,1011.9,38.2,10,150.5,13,5,0.52
23/10/2021,27.9,23.9,80.5,4.42,100,8.33,19.6,152.7,1011.8,41.3,9.6,189.5,16.3,7,0.54
24/10/2021,26.8,24.2,86,11.23,100,12.5,14.1,208.6,1011.1,39.6,9.8,133.6,11.6,5,0.57
25/10/2021,27.9,24.1,81,1.92,100,8.33,13.9,203.2,1010,40.1,9.8,209.7,18.1,7,0.61
26/10/2021,29.2,24,74.9,0,0,0,15.5,225.8,1009,38.7,9.7,168.1,14.6,6,0.65
27/10/2021,28.7,23,72.7,0,0,0,16.2,137.4,1009.7,40.4,10.1,156.8,13.6,5,0.69
28/10/2021,28.7,23.6,74.7,0.88,100,4.17,15.5,139.9,1009.6,39.8,10.2,195.1,17,7,0.74
29/10/2021,29.6,23.9,72.9,0,0,0,22.8,154.6,1010.2,19.2,10,170.7,14.7,6,0.79
30/10/2021,28.3,24.1,78.9,7.96,100,4.17,15.7,160.9,1011.1,26.6,9.8,205.7,17.7,7,0.84
31/10/2021,28,23.6,77.7,0.35,100,4.17,14.3,286.7,1011.7,38.9,10.1,163.2,14.2,6,0.88
1/11/2021,27.4,24.1,83.4,33.48,100,8.33,15.5,193.4,1010.8,39.4,9.4,109.8,9.4,4,0.93
2/11/2021,27.1,23.5,81.2,0.91,100,4.17,11.4,276.7,1010.7,38.2,9,211.6,18.2,7,0.96
3/11/2021,27.1,23.8,82.2,1.45,100,8.33,17.5,162.5,1010,39.6,10,138,11.9,5,0.99
4/11/2021,27.3,24,83.1,0.88,100,4.17,11,126.2,1009.3,38.4,8.6,109.6,9.4,4,1
5/11/2021,27,24.1,85.2,1.77,100,4.17,15.5,162.7,1008.7,39.2,8.9,185.1,16,6,0
6/11/2021,28.5,23.6,76.9,0.18,100,4.17,15.5,149.9,1006.7,38.3,9.3,267.1,23.1,9,0.02
7/11/2021,28.1,24.3,80.9,2.77,100,4.17,12.5,147.7,1006.7,39.9,9.9,138.8,12,5,0.05
8/11/2021,28.7,23.3,73.9,0.2,100,4.17,13.7,160.3,1007.5,40.6,10.1,172.7,15,7,0.09
9/11/2021,28.1,24.3,80.7,51.3,100,4.17,15.5,92.5,1008.1,40,10,138.4,12,5,0.14
10/11/2021,26.7,24.1,86.3,4,100,8.33,14.3,230.8,1008.9,38.3,9.4,114.1,9.7,4,0.19
11/11/2021,27,23.8,83.3,1.81,100,8.33,21.2,230.4,1008.8,39.9,9.8,81.4,7,3,0.25
12/11/2021,27.4,23.9,82.1,0.23,100,8.33,16.2,253.5,1009.4,38.4,10,202.8,17.5,7,0.3
13/11/2021,27.9,23.1,76,0,0,0,19.2,286.1,1009.7,38.8,9.9,162.2,14,6,0.35
14/11/2021,28.3,22.9,74.1,0.02,100,4.17,12.3,166.8,1009.5,37.8,10,167.7,14.6,6,0.4
15/11/2021,29.2,23.5,73,0,0,0,12.3,183.7,1008.2,38.8,10,233.4,20.2,8,0.43
16/11/2021,27.7,24.3,82.5,11.49,100,4.17,14.3,110.3,1007.9,38,9.6,168.4,14.6,7,0.46
17/11/2021,26.4,24,87.1,7.95,100,8.33,13.5,215.4,1009,39.2,9.3,151.2,13.1,5,0.48
18/11/2021,27.4,23.3,79.1,0,0,0,20.1,265.8,1008.4,37.9,10.1,211,18.2,7,0.5
19/11/2021,28.9,23.5,74.4,0,0,0,17.9,273.2,1007.1,39.4,10,205.1,17.7,7,0.5
20/11/2021,28.2,23.9,78.6,0.41,100,12.5,15.5,194.1,1007.3,38.6,10,124.9,10.8,4,0.51
21/11/2021,27.9,24.6,83.7,22.33,100,8.33,19.2,178,1008.1,38.6,9.6,133,11.6,5,0.52
22/11/2021,27.8,24,81.6,6.65,100,8.33,17.3,199.8,1008.3,42.1,9.1,195.2,17,7,0.54
23/11/2021,27.9,24,80.6,3.56,100,4.17,11.5,109,1008.1,37.8,10.1,135.3,11.6,5,0.57
24/11/2021,27.1,23.8,82.6,5.3,100,4.17,12.3,158.2,1009.1,37.9,10,93.2,7.9,3,0.61
25/11/2021,27.2,23.7,82,1.76,100,8.33,12.1,184.2,1008.8,37.6,9.7,202.9,17.6,7,0.66
26/11/2021,26.3,23.1,83,0,0,0,14.1,261.9,1009.7,38.1,9.9,80.3,6.8,3,0.7
27/11/2021,27.1,23.6,82.5,0.97,100,8.33,15.7,97.4,1009.6,38.8,9.6,145.1,12.6,6,0.75
28/11/2021,27.7,23.3,78.2,0.02,100,4.17,15.9,242.5,1009.4,39.1,9.9,142.4,12.3,5,0.81
29/11/2021,27.3,23.1,79.3,32.33,100,4.17,19.6,258.2,1008.7,38,9.9,152,13.1,5,0.86
30/11/2021,28.7,22.6,71,0,0,0,14.1,270.7,1008,37.4,10.2,229.2,19.8,7,0.91
1/12/2021,29.5,23,70,0,0,0,12.3,99.4,1008.1,39.6,10.2,148.9,13,5,0.95
2/12/2021,27.1,23.6,81.5,1.35,100,8.33,22.2,94.2,1010.2,39.5,10,76.7,6.7,3,0.98
3/12/2021,26.8,23.1,80.5,0.05,100,4.17,9.2,161,1011.6,37.9,10,134.9,11.7,6,1
4/12/2021,27.9,23.2,76.9,0,0,0,17.7,144.5,1011.5,37.9,9.6,141.7,12.3,6,0
5/12/2021,27.9,23.8,79.1,0.23,100,4.17,15.3,141.4,1010.8,38.2,9.8,90.7,7.9,3,0.01
6/12/2021,27.5,23.2,78.7,8.3,100,8.33,12.3,95.9,1010.3,39.4,9.4,130.7,11.3,4,0.04
7/12/2021,27.3,22.5,76.7,21.22,100,4.17,11.9,108.2,1010.5,37.4,9.9,239.5,20.8,8,0.07
8/12/2021,28.1,23.1,75.9,0,0,0,11,87.1,1010.4,38.2,10.1,236.2,20.3,9,0.12
9/12/2021,27.6,23.9,81.3,33.59,100,4.17,9.2,148.4,1010.8,39.8,9.4,158.9,13.8,5,0.17
10/12/2021,26.7,23.4,83.2,0.22,100,4.17,17.9,111,1011.3,37.8,8.9,239.5,20.6,9,0.22
11/12/2021,26.9,23.5,82.8,16.8,100,4.17,15.5,113.8,1011.1,38.7,9.5,145.1,12.4,5,0.27
12/12/2021,27.8,23.8,80,0.09,100,4.17,15.3,143.7,1010.9,38.3,9.7,229.3,19.8,8,0.32
13/12/2021,27.3,24,83.3,65.42,100,4.17,14.1,142.4,1009.9,40.6,9.8,188.1,16.2,7,0.37
14/12/2021,27.8,23.6,80.4,7.81,100,8.33,15.5,185.4,1009,39.2,9.2,263,22.6,9,0.41
15/12/2021,27.2,24.3,84.9,8.45,100,8.33,7.3,144.5,1008.9,38.2,9.4,214.7,18.7,8,0.44
16/12/2021,26.8,24.4,87,5.36,100,8.33,12.3,243.5,1009.2,40.1,9.6,144.6,12.6,6,0.47
17/12/2021,25.3,23.9,92,41.99,100,8.33,21.2,314.3,1008,49.3,7.7,53.4,4.6,2,0.49
18/12/2021,24.6,23.8,95.7,168.07,100,12.5,38,143.4,1008.2,58.1,5.7,77.4,6.6,3,0.5
19/12/2021,25.7,23.1,86.7,78.32,100,8.33,27.4,253.1,1010.6,44.5,8.9,109.6,9.5,4,0.5
20/12/2021,28.1,23.3,77.1,0,0,0,5.4,82.3,1011.3,37.6,9.7,196.5,16.8,7,0.51
21/12/2021,29.1,23.2,72.4,0,0,0,11,133.6,1010.7,38.6,9.7,177.9,15.5,6,0.53
22/12/2021,27.4,24.2,83.5,3.9,100,8.33,16.9,161.1,1011,43.3,9.5,125.2,10.7,4,0.55
23/12/2021,27.7,24,81.2,0.35,100,4.17,14.3,225.1,1010.4,38.5,8,105,9,3,0.59
24/12/2021,28.6,24,77.7,0,0,0,19.4,153.1,1009.8,37.8,8.9,167.2,14.5,6,0.63
25/12/2021,28.8,24.4,77.8,0,0,0,13.9,129.4,1010.4,40.7,9.7,211.4,18.2,7,0.67
26/12/2021,29,23.9,75.6,0,0,0,17.5,142.3,1011.3,38.4,10,233.1,20.2,8,0.72
27/12/2021,27.8,23.7,79.8,5.65,100,4.17,14.3,123.5,1012.1,38.3,9.7,214.9,18.6,8,0.78
28/12/2021,28.2,23.5,78.1,0.02,100,4.17,15.5,117,1011,37.6,9.5,251.2,21.6,9,0.83
29/12/2021,28.9,23.9,75.9,0.02,100,4.17,15.7,166.2,1010.4,37.7,9.1,251,21.7,9,0.88
30/12/2021,28,23.6,78.2,0.85,100,8.33,12,65.8,1010.8,41,9.7,162.3,14.1,6,0.93
31/12/2021,27.1,23.2,80.1,7.42,100,4.17,22.8,144.6,1011.3,44.8,9.9,204.4,17.7,7,0.97
1/1/2022,25.9,23.9,89.1,5.01,100,12.5,10.5,136.9,1011.5,41.3,8.8,126.2,10.8,5,0.99
2/1/2022,25.7,23.9,90.3,12.03,100,12.5,10.5,151.1,1011.4,39.8,9.1,75.6,6.5,3,1
3/1/2022,25.6,23.6,89.3,32.29,100,8.33,10.3,147.4,1010.3,39.7,9.2,179.4,15.6,6,0
4/1/2022,26.8,23.9,85.5,55.7,100,4.17,15.3,100.3,1010.9,43.7,8.9,165,14.1,7,0.02
5/1/2022,27.4,23.9,82.4,2.23,100,12.5,17.5,214.2,1011,38.8,9.4,131.8,11.3,5,0.05
6/1/2022,28.1,23.3,76.8,0,0,0,12.3,139.2,1011.1,38.1,10.2,201.7,17.3,7,0.09
7/1/2022,27.9,23.9,80.1,0.18,100,4.17,17.3,108.5,1011.4,37.9,9.4,219.2,19.2,8,0.14
8/1/2022,27.9,23.5,77.9,0,0,0,14.6,95.1,1010.9,40.5,9.1,224.4,19.4,8,0.19
9/1/2022,28.3,24.1,79.7,0.18,100,4.17,14.1,192,1010.1,39.4,9.6,240.8,20.9,9,0.24
10/1/2022,28.5,23.9,77.5,0.53,100,4.17,16.9,163.8,1010.8,37.7,9.7,262.2,22.6,9,0.28
11/1/2022,27.8,22.7,75.9,0.18,100,4.17,8.9,100.7,1011.8,37.5,9.3,249.8,21.8,9,0.33
12/1/2022,28.4,21.7,69.7,0,0,0,15.5,132.5,1011.2,37.4,9.4,275.5,23.9,9,0.38
13/1/2022,28.3,20.9,66.7,0.88,100,4.17,10.5,102.7,1011.6,37.4,10,280.5,24.3,9,0.41
14/1/2022,28.3,20.6,65.8,0.18,100,4.17,12.3,125.5,1011.5,37.4,9.7,284.7,24.8,9,0.45
15/1/2022,28.7,20.9,64.6,0,0,0,15.5,150.2,1011,37.4,10.1,265.7,23.1,9,0.47
16/1/2022,28.6,22.1,69.3,0,0,0,13.9,93.4,1010.9,41.6,9.9,208.5,18.1,9,0.49
17/1/2022,28.5,22.8,72.7,0,0,0,16.9,124.2,1010.6,38.6,9.9,165.8,14.4,7,0.5
18/1/2022,27.3,23.3,79.5,10.61,100,4.17,13,196.8,1010.9,39.7,9.8,209.5,18,8,0.5
19/1/2022,27.6,22.3,75.2,3.36,100,4.17,15.7,106.8,1010,40.8,10,239.5,20.7,8,0.52
20/1/2022,27.9,22.5,74.4,3.54,100,4.17,10.7,111.9,1009.7,39.9,10,246,21.3,9,0.53
21/1/2022,28.3,22.7,73.1,0.02,100,4.17,13.9,129.1,1009.6,37.9,10,258.2,22.4,9,0.56
22/1/2022,27.1,23.5,81.2,2.12,100,4.17,14.3,158.1,1009.7,39.4,9.6,166.4,14.6,7,0.6
23/1/2022,27.8,23.8,79.9,15.03,100,4.17,19.2,135.5,1009.2,38.6,9.3,279.2,24.3,9,0.65
24/1/2022,27.1,23.6,81.9,0,0,0,19.2,87.9,1009.1,39.2,9.4,247.4,21.4,9,0.7
25/1/2022,26.9,23.6,83.4,14.83,100,4.17,15.7,129.3,1009.2,39.3,9.7,224.7,19.4,8,0.75
26/1/2022,27.8,23.6,79.4,0,0,0,14.1,116.5,1009.8,37.8,9.4,174,15,7,0.81
27/1/2022,27.5,23.2,79.2,14.14,100,4.17,15.7,174.1,1009.3,38.1,9.4,250.1,21.7,9,0.86
28/1/2022,27.2,23.2,80.3,7.96,100,4.17,14.3,108,1010.1,37.6,9.4,270.4,23.5,9,0.91
29/1/2022,28.4,23.2,75.1,0,0,0,16.1,124.4,1009.9,37.6,9.4,284.3,24.7,9,0.95
30/1/2022,28.7,24.1,76.9,0.23,100,4.17,16.4,138.5,1009.6,37.8,9.5,271.4,23.6,9,0.98
31/1/2022,27.8,23.8,80.1,4.42,100,4.17,15.7,122.5,1009.3,41.4,9.2,273.3,23.6,9,1
1/2/2022,27.8,23.6,79.3,0.88,100,4.17,14.3,119.3,1008.8,40.2,9.2,242.1,21.1,8,0
2/2/2022,27.4,23.3,79.5,16.8,100,4.17,17.1,124.1,1010.2,38.6,9.8,286.8,25.2,9,0.01
3/2/2022,27.9,23,76.6,0.09,100,4.17,17.1,109.4,1009.5,38.6,9.9,276.8,24.1,9,0.03
4/2/2022,27.9,22.8,76.2,19.45,100,8.33,15.7,97.7,1008.6,38,9.9,248.3,21.7,9,0.07
5/2/2022,27.1,23.1,80.2,24.75,100,4.17,15.9,156.2,1009.4,40.1,9.7,177.5,15.6,6,0.11
6/2/2022,27.2,23.7,82,0.07,100,8.33,14.8,162.5,1010.7,38.1,9.8,231,19.9,7,0.15
7/2/2022,28,23.6,78.3,0,0,0,16.1,205.5,1010.1,37.9,9.8,137.2,12,5,0.2
8/2/2022,27.1,22.8,78,0.18,100,4.17,8,119.2,1010,37.7,10.1,149.2,12.9,5,0.25
9/2/2022,27.3,23.7,81.5,5.24,100,8.33,15.3,153.9,1009.7,40.4,9.5,179.3,15.6,6,0.29
10/2/2022,25.7,23.6,88.7,6.65,100,8.33,10.3,131.8,1010.5,39.9,9.4,59,5,4,0.34
11/2/2022,26.2,23.3,85,1.15,100,12.5,9.6,115.6,1009,38.5,9.3,127.7,11.2,4,0.38
12/2/2022,27.3,22.6,77.5,0,0,0,15.1,192.6,1007.9,38.2,9.7,146.5,12.9,7,0.42
13/2/2022,27.5,23.6,80.2,0,0,0,13.9,116.7,1006.4,38.8,9.7,265.8,22.9,9,0.45
14/2/2022,28.1,23.7,78.1,2.68,100,4.17,17.3,129.6,1006.8,42.1,9.9,233.9,20.2,9,0.48
15/2/2022,28.9,23.1,73,0.75,100,4.17,17.3,88.8,1006.9,38.8,10.1,280.6,24.1,10,0.49
16/2/2022,29.1,22.8,70.4,0.35,100,4.17,17.3,116.1,1006.5,37.7,10.1,241.4,20.9,8,0.5
17/2/2022,28.2,21.6,70.6,3.2,100,4.17,15.1,150.3,1007,38.9,9.9,87.2,7.9,8,0.51
18/2/2022,29.8,22.4,66.1,0,0,0,15.3,131.4,1007.5,37.6,10.1,269.9,23.5,9,0.52
19/2/2022,29.8,23.4,70,0,0,0,11,127.9,1009.4,37.4,9.9,264,22.8,9,0.54
20/2/2022,29,23.5,73.6,0,0,0,19.2,230.1,1009.3,38.2,9.9,258.2,22.5,9,0.58
21/2/2022,27.5,23.1,78.5,2.23,100,4.17,15.9,139.7,1009.8,39.5,9.8,242.9,21,9,0.62
22/2/2022,26.9,22.8,80.1,17.68,100,8.33,12.3,85.6,1010.4,41.2,9.5,283.1,24.5,9,0.67
23/2/2022,27.3,23.5,81.7,32.37,100,8.33,15.7,159.6,1011.2,40.7,9,175,15.1,6,0.73
24/2/2022,25.7,23.6,88.5,7.11,100,12.5,12.3,133.3,1012.4,38.6,9.5,144,12.5,8,0.79
25/2/2022,26.4,23.4,84.8,4.7,100,4.17,20.6,150.5,1010.6,39.3,9,197.4,17,7,0.84
26/2/2022,25.8,23.6,87.9,1.65,100,12.5,12.1,104.2,1010,41.2,9.5,197.2,16.9,6,0.89
27/2/2022,26.4,23.9,86.8,3.74,100,12.5,8.9,128.3,1010.5,39.1,9,109.2,9.6,4,0.94
28/2/2022,27.7,23.2,78.5,0.75,100,4.17,26.5,131.2,1009.7,37.5,10,190.4,16.6,8,0.97
1/3/2022,26.8,24.1,85.7,50.62,100,4.17,11.2,169.4,1010.7,39.8,8.8,267,20.4,10,1
2/3/2022,27.5,23.7,81.6,38.01,100,4.17,17.1,125.3,1010.1,39.4,10,226.6,16.3,7,1
3/3/2022,27.4,23.3,79.8,4.82,100,8.33,16.1,163.4,1010.3,39.6,10,281.9,20.3,8,0
4/3/2022,26.9,24.1,85.2,13.05,100,12.5,12.3,156,1009.9,40.5,8.9,248.2,17.8,8,0.02
5/3/2022,25.6,23.8,90.7,52.11,100,12.5,16.6,109,1009.6,38.4,9.1,291.6,21.1,9,0.04
6/3/2022,25.8,23.3,87.2,17.62,100,4.17,15.3,126.3,1009.4,39.5,9.3,154.2,11,6,0.08
7/3/2022,26.3,24.1,88.6,17.88,100,12.5,17.3,113.3,1009.3,41.9,9.2,223.1,16.9,9,0.12
8/3/2022,26.8,23.7,84.3,3.91,100,8.33,18.8,147.5,1009.1,38.7,9.8,185.8,15.9,8,0.16
9/3/2022,28.1,23.8,78.8,0,0,0,14.1,169.5,1008.1,39.9,9.3,287.1,24.7,9,0.21
10/3/2022,28.3,23.9,78.3,0.18,100,4.17,17.3,222.1,1008.2,39.6,9.8,269.8,23.2,9,0.25
11/3/2022,28.8,24.7,79.1,0.18,100,4.17,12.8,162.7,1007.4,39.2,9.7,314.5,27.3,10,0.3
12/3/2022,28.4,24.5,80,6.3,100,4.17,22.4,217.1,1006.9,38.3,9.9,298.7,25.9,8,0.35
13/3/2022,28.4,24.6,81.2,15.03,100,4.17,15.5,113.7,1006.7,39.9,8.8,313.2,27.2,10,0.39
14/3/2022,28.7,24.9,80.8,5.3,100,4.17,16.6,95.4,1007.2,39.4,8.8,304.3,26.3,9,0.43
15/3/2022,28.2,24.3,80.8,0,0,0,14.1,112.9,1007.1,39.6,8.1,294.1,25.4,9,0.46
16/3/2022,27.7,23.9,81.1,44.44,100,8.33,12.3,131.6,1007.1,41,9.5,259,22.5,9,0.48
17/3/2022,27.6,24.7,85.3,14.14,100,4.17,15.5,126,1007.2,40.9,8.9,282,24.4,9,0.5
18/3/2022,28,23.6,78.8,17.37,100,8.33,12.1,148.8,1007.7,43,10,60,5.2,3,0.5
19/3/2022,30.4,22.5,64.2,0,0,0,11,130.1,1006.3,37.4,10.2,242.1,21,10,0.51
20/3/2022,30.4,23.4,67,0,0,0,19,133.2,1007.1,37.7,10.1,297.9,25.7,9,0.53
21/3/2022,29.8,23.4,69.3,0,0,0,19,177.3,1008.7,37.6,10.1,297,25.6,10,0.56
22/3/2022,29.1,24.1,75.3,0,0,0,14.3,163.4,1009.3,39.8,9.9,265.3,22.9,10,0.61
23/3/2022,29.7,23.6,71.4,0,0,0,15.5,119.9,1009,37.7,9.9,275.4,23.8,10,0.66
24/3/2022,29.2,24.7,77.3,0.88,100,4.17,15.9,144.2,1008.9,37.9,10,302.3,26.3,10,0.71
25/3/2022,28.7,24.5,79.8,3.54,100,4.17,15.7,99.4,1009.6,39.4,9.3,310.3,26.7,10,0.77
26/3/2022,28.7,25,80.9,3.54,100,4.17,17.7,175,1010.6,37.8,9.2,284.4,24.6,10,0.83
27/3/2022,29.3,23.7,73.5,0.18,100,4.17,19.2,234,1010.7,38.8,9.7,294.6,25.5,10,0.88
28/3/2022,30.1,23.9,70.6,0,0,0,23.2,238.2,1009.7,38.1,10.1,307.9,26.6,10,0.92
29/3/2022,28.4,24.2,78.6,3.65,100,4.17,24.4,134.1,1009.4,38.9,10.2,278,24.1,10,0.96
30/3/2022,28.7,23.9,77.1,0.18,100,4.17,20.8,156.8,1008.8,41.3,10.1,257.1,22.2,10,0.99
31/3/2022,28.2,23,74.8,1.06,100,8.33,17.9,199.2,1009.9,37.8,9.8,228.1,19.6,9,1
1/4/2022,29.2,23.6,73,0,0,0,16.4,233.9,1009.4,39.1,9.9,302.8,26.1,10,0
2/4/2022,29.1,23.5,73,0,0,0,17.5,229.9,1010,40.5,9.9,294.2,25.4,9,0.01
3/4/2022,28,23.1,75.3,0.05,100,4.17,17.9,311.9,1010.1,38.3,10,153.3,13.3,9,0.03
4/4/2022,27.8,23.9,80.3,9.74,100,8.33,10.3,152.2,1010.3,39.1,10.1,197.9,17.2,10,0.05
5/4/2022,27.4,23.7,81.6,0.91,100,4.17,11.7,143,1011.5,38.3,9.7,239,20.9,9,0.09
6/4/2022,28.2,22.8,74.4,0,0,0,22.8,243.5,1011.1,38.2,9.6,285,24.4,10,0.12
7/4/2022,27.4,23.3,78.9,0.93,100,4.17,13.7,171.5,1011,38.9,10,249,21.5,10,0.17
8/4/2022,28.7,23.2,73.9,0,0,0,18.8,166.6,1010,38.1,10,195.3,16.8,9,0.21
9/4/2022,28.3,23.5,75.9,0.37,100,8.33,14.1,201,1010,38.4,10,237.5,20.6,10,0.26
10/4/2022,29,23.9,75.2,0,0,0,15.3,128.4,1009.2,38,9.8,272.5,23.7,10,0.31
11/4/2022,26.8,24.2,85.8,31.82,100,8.33,13.5,72.6,1009.5,39.4,9.7,265.8,23,10,0.35
12/4/2022,28.5,24,78.1,0,0,0,14.6,165.4,1008.5,37.9,9.3,297.8,25.7,10,0.4
13/4/2022,28.3,24.5,80.8,0,0,0,9.2,154.4,1008.1,39.1,10,304.9,26.3,10,0.44
14/4/2022,28.3,24.8,81.8,4.93,100,8.33,15.1,164.7,1007.9,38.1,9.6,184.2,16.1,9,0.47
15/4/2022,28.8,24.4,78.1,0,0,0,19.6,206.9,1008.5,38,9.8,288.6,25,10,0.49
16/4/2022,29.4,24.5,76,0,0,0,15.5,167.9,1007.6,38.7,9.7,296.4,25.5,10,0.5
17/4/2022,27.8,25,85.1,0,0,0,13.9,116.2,1007.5,37.7,9.4,261.5,22.6,10,0.51
18/4/2022,27.9,24.7,84.1,4.06,100,4.17,25.1,130.4,1008.7,38.4,8.8,190.8,16.5,6,0.52
19/4/2022,27.7,24.5,83.4,0.71,100,4.17,23.5,164.1,1009.5,41.4,9.6,246.7,21.4,9,0.55
20/4/2022,28.4,24,78.4,2.2,100,8.33,15.5,172.8,1009.4,38.6,9.5,189.2,16.1,7,0.59
21/4/2022,28,23.6,78.2,0,0,0,13.5,126.2,1008.8,38.7,9.8,169.4,14.6,8,0.64
22/4/2022,28.7,24.5,78.9,2.65,100,4.17,15.7,118.4,1008.4,39.7,9.8,246.3,21.3,9,0.7
23/4/2022,28.7,23.7,76.3,0.18,100,4.17,17.7,239.1,1008.7,38.6,9.7,295,25.4,10,0.75
24/4/2022,28.8,24.2,77.1,1.02,100,8.33,12.5,116.5,1007.5,39.8,9.9,297.4,25.7,10,0.81
25/4/2022,27.5,24.2,83.3,0.12,100,4.17,17.1,80.5,1007.4,39.6,9.7,263.4,22.8,10,0.86
26/4/2022,28.6,24.6,80.1,50.39,100,8.33,11.9,168.1,1007.9,39.5,9.3,255.7,22.1,10,0.91
27/4/2022,29.1,24.3,76.7,0.45,100,4.17,13.7,210,1007.2,39.2,10,256.3,22.2,10,0.95
28/4/2022,28.7,25.1,81.9,8.3,100,8.33,17.3,121,1007.5,41.5,9.6,293.8,25.4,10,0.98
29/4/2022,28.8,24.6,79.5,32.1,100,4.17,17.3,195.2,1007.9,38.7,9.9,286.1,24.8,10,1
30/4/2022,29,24.4,77.1,0,0,0,16.6,158.4,1007.2,38.5,9.8,262.3,22.7,10,1
1/5/2022,27.4,24.8,86.2,1.41,100,12.5,14.1,127.4,1007,40.3,9.6,238.8,20.7,10,0
2/5/2022,27.2,24.5,85.6,15.38,100,8.33,15.7,91.1,1007.3,40.8,8.8,237.6,20.5,9,0.01
3/5/2022,27,23.6,83.1,28.83,100,8.33,16.6,160.5,1008.6,40,9.6,128.6,11,6,0.03
4/5/2022,28.5,24.4,79.4,0,0,0,11.5,147.7,1008.3,38.3,10,202.9,17.6,7,0.06
5/5/2022,29.6,24.2,73.9,0,0,0,15.9,112.2,1007,37.9,9.9,266.3,23,9,0.09
6/5/2022,29.8,24.4,73.4,0.02,100,4.17,21.4,146.6,1006.1,38,10.1,192.8,16.6,6,0.13
7/5/2022,28.9,23.6,74.2,0,0,0,22.6,131.7,1006.5,39,10,173.5,15.1,6,0.18
8/5/2022,28.9,23.7,74.8,0.58,100,4.17,21.9,143.4,1006.3,39.4,10.1,196.7,17.1,8,0.22
9/5/2022,30,24,71.4,0,0,0,17.3,148.4,1006.8,37.7,10.1,244.4,21.1,9,0.27
10/5/2022,31.1,24.3,68.4,0,0,0,17.1,124.8,1006.8,37.5,10,277.5,23.9,9,0.32
11/5/2022,29.4,23.9,72.9,0.35,100,4.17,18.8,155.2,1008.3,38.3,10,90.3,7.7,6,0.37
12/5/2022,30.2,24.6,73.3,0,0,0,17.9,170.5,1008.5,38,10,285.8,24.7,9,0.41
13/5/2022,30.4,24.2,70.8,0.81,100,4.17,16.2,177.6,1008.6,37.8,9.9,262.5,22.8,9,0.45
14/5/2022,29.6,25.2,77.9,0.2,100,4.17,14.1,104.4,1008.8,40.1,9.9,223.2,19.4,9,0.48
15/5/2022,29,25.3,80.9,0.35,100,4.17,17.1,153.9,1009.8,39.2,9.2,238.6,20.6,9,0.5
16/5/2022,26.4,24.1,87.6,26.23,100,8.33,19.2,178.5,1010.9,39.9,8.7,168.5,14.5,8,0.5
17/5/2022,28.5,23.4,76,0,0,0,13.7,188,1009.6,37.7,10.1,232,20,8,0.52
18/5/2022,29.1,24.4,76.5,0,0,0,17.1,79.1,1010.1,37.7,9.9,237.2,20.5,9,0.54
19/5/2022,28.9,24.1,76.1,0,0,0,14.8,190.4,1010.6,38,9.5,260.8,22.6,9,0.58
20/5/2022,30.4,24.2,71.5,0,0,0,17.3,178.1,1009.8,37.8,9.5,290.2,25.2,9,0.63
21/5/2022,30.3,23.7,70.1,0,0,0,19.2,216.4,1008.5,38,10,287.3,24.8,9,0.68
22/5/2022,30.2,23.5,69.3,0.02,100,4.17,14.1,176,1006.9,37.9,10.1,280,24.2,9,0.74
23/5/2022,29.5,24.7,76.3,0,0,0,15.7,112,1007,37.9,10,223.1,19.2,9,0.79
24/5/2022,29.1,24.4,77.1,0.88,100,4.17,15.5,152.9,1008.7,38.5,10.1,210,18.1,8,0.85
25/5/2022,25.2,23.7,91.4,87.36,100,12.5,14.1,153.2,1011.5,43.9,8.2,54.3,4.7,3,0.89
26/5/2022,27.6,23.6,80.4,0,0,0,15.9,159.6,1009.6,36.2,9.8,240,20.8,9,0.93
27/5/2022,28.9,24.4,78,0.53,100,4.17,19.6,216.4,1008.5,37.8,10,236.3,20.5,8,0.96
28/5/2022,28.6,23.9,77.2,0.18,100,4.17,14.1,140.5,1008.7,37.4,9.9,267.2,23.2,9,0.99
29/5/2022,29.5,23.4,71.9,0,0,0,15.3,192.4,1008.2,39.3,10,264.4,22.8,9,1
30/5/2022,29.9,23.6,70.7,0,0,0,14.1,243.4,1007.7,37.6,10.1,268.8,23.3,9,0
31/5/2022,30.2,23.8,69.9,0,0,0,17.7,264.7,1007.2,37.8,10.1,254.3,21.9,9,0
,,,,,,,,,,,,,,,
,,,,,,,,,,,,,,,
,,,,,,,,,,,,,,,
,,,,,,,,,,,,,,,
,,,,,,,,,,,,,,,
,,,,,,,,,,,,,,,
,,,,,,,,,,,,,,,
,,,,,,,,,,,,,,,
,,,,,,,,,,,,,,,
,,,,,,,,,,,,,,,
,,,,,,,,,,,,,,,
,,,,,,,,,,,,,,,
,,,,,,,,,,,,,,,
,,,,,,,,,,,,,,,
,,,,,,,,,,,,,,,
,,,,,,,,,,,,,,,
,,,,,,,,,,,,,,,
,,,,,,,,,,,,,,,
,,,,,,,,,,,,,,,
,,,,,,,,,,,,,,,
,,,,,,,,,,,,,,,
,,,,,,,,,,,,,,,
,,,,,,,,,,,,,,,
,,,,,,,,,,,,,,,
,,,,,,,,,,,,,,,
,,,,,,,,,,,,,,,
,,,,,,,,,,,,,,,
,,,,,,,,,,,,,,,
,,,,,,,,,,,,,,,
,,,,,,,,,,,,,,,
,,,,,,,,,,,,,,,
,,,,,,,,,,,,,,,
,,,,,,,,,,,,,,,
,,,,,,,,,,,,,,,
,,,,,,,,,,,,,,,
,,,,,,,,,,,,,,,
,,,,,,,,,,,,,,,
,,,,,,,,,,,,,,,
,,,,,,,,,,,,,,,
,,,,,,,,,,,,,,,
,,,,,,,,,,,,,,,
,,,,,,,,,,,,,,,
,,,,,,,,,,,,,,,
,,,,,,,,,,,,,,,
,,,,,,,,,,,,,,,
,,,,,,,,,,,,,,,
,,,,,,,,,,,,,,,
,,,,,,,,,,,,,,,
,,,,,,,,,,,,,,,
,,,,,,,,,,,,,,,
,,,,,,,,,,,,,,,
,,,,,,,,,,,,,,,
,,,,,,,,,,,,,,,
,,,,,,,,,,,,,,,
,,,,,,,,,,,,,,,
,,,,,,,,,,,,,,,
,,,,,,,,,,,,,,,
,,,,,,,,,,,,,,,
,,,,,,,,,,,,,,,
,,,,,,,,,,,,,,,
,,,,,,,,,,,,,,,
,,,,,,,,,,,,,,,
,,,,,,,,,,,,,,,
,,,,,,,,,,,,,,,
,,,,,,,,,,,,,,,
,,,,,,,,,,,,,,,
,,,,,,,,,,,,,,,
,,,,,,,,,,,,,,,
,,,,,,,,,,,,,,,
,,,,,,,,,,,,,,,
,,,,,,,,,,,,,,,
,,,,,,,,,,,,,,,
,,,,,,,,,,,,,,,
,,,,,,,,,,,,,,,
,,,,,,,,,,,,,,,
,,,,,,,,,,,,,,,
,,,,,,,,,,,,,,,
,,,,,,,,,,,,,,,
,,,,,,,,,,,,,,,
,,,,,,,,,,,,,,,
,,,,,,,,,,,,,,,
,,,,,,,,,,,,,,,
,,,,,,,,,,,,,,,
,,,,,,,,,,,,,,,
,,,,,,,,,,,,,,,
,,,,,,,,,,,,,,,
,,,,,,,,,,,,,,,
,,,,,,,,,,,,,,,
,,,,,,,,,,,,,,,
,,,,,,,,,,,,,,,
,,,,,,,,,,,,,,,
,,,,,,,,,,,,,,,
,,,,,,,,,,,,,,,
,,,,,,,,,,,,,,,
,,,,,,,,,,,,,,,
,,,,,,,,,,,,,,,
,,,,,,,,,,,,,,,
,,,,,,,,,,,,,,,
,,,,,,,,,,,,,,,
,,,,,,,,,,,,,,,
,,,,,,,,,,,,,,,
,,,,,,,,,,,,,,,
,,,,,,,,,,,,,,,
,,,,,,,,,,,,,,,
,,,,,,,,,,,,,,,
,,,,,,,,,,,,,,,
